,price,size_stand,distance_stand,status,floor,hasLift,propertyType_chalet,propertyType_countryHouse,propertyType_duplex,propertyType_flat,propertyType_penthouse,propertyType_studio,exterior_False,exterior_True,rooms_0,rooms_1,rooms_2,rooms_3,rooms_4,bathrooms_1,bathrooms_2,bathrooms_3
0,750.0,0.0114430089966669,-0.7140880325609481,699.9968051118205,701.603661594757,704.7764683062795,0.0,0.0,0.0,1.0,0.0,0.0,0.0,1.0,0.0,1.0,0.0,0.0,0.0,1.0,0.0,0.0
1,750.0,0.432211985644941,-0.0409321609082869,699.9968051118205,678.7599566067489,693.4551329954023,0.0,0.0,0.0,1.0,0.0,0.0,0.0,1.0,0.0,0.0,1.0,0.0,0.0,1.0,0.0,0.0
2,590.0,0.432211985644941,2.948728375347949,699.9968051118205,675.9743824969121,693.4551329954023,0.0,0.0,0.0,1.0,0.0,0.0,0.0,1.0,0.0,0.0,0.0,1.0,0.0,0.0,1.0,0.0
3,684.0,-0.6197104559757441,-0.4466142623028255,685.8023896188589,675.9743824969121,680.5601837397412,0.0,0.0,0.0,0.0,0.0,1.0,0.0,1.0,1.0,0.0,0.0,0.0,0.0,1.0,0.0,0.0
4,600.0,0.5584426786394233,1.5050056264609175,699.9968051118205,701.603661594757,693.4551329954023,0.0,0.0,0.0,1.0,0.0,0.0,0.0,1.0,0.0,0.0,1.0,0.0,0.0,1.0,0.0,0.0
5,600.0,0.4742888833097685,2.027093140443614,699.9968051118205,708.1551527535004,693.4551329954023,0.0,0.0,1.0,0.0,0.0,0.0,0.0,1.0,0.0,1.0,0.0,0.0,0.0,1.0,0.0,0.0
6,550.0,-0.2830952746571248,-0.9379559657225544,699.9968051118205,708.1551527535004,693.4551329954023,0.0,0.0,0.0,1.0,0.0,0.0,0.0,1.0,0.0,1.0,0.0,0.0,0.0,1.0,0.0,0.0
7,700.0,-1.33501771627781,-0.822585267912958,699.9968051118205,708.1551527535004,693.4551329954023,0.0,0.0,0.0,0.0,0.0,1.0,0.0,1.0,1.0,0.0,0.0,0.0,0.0,1.0,0.0,0.0
8,700.0,1.1054423482821796,1.0682820817095369,699.9968051118205,701.603661594757,704.7764683062795,0.0,0.0,1.0,0.0,0.0,0.0,0.0,1.0,0.0,0.0,1.0,0.0,0.0,1.0,0.0,0.0
9,700.0,-0.6197104559757441,-1.082963851118088,699.9968051118205,701.5941927498836,693.4551329954023,0.0,0.0,0.0,1.0,0.0,0.0,1.0,0.0,0.0,1.0,0.0,0.0,0.0,1.0,0.0,0.0
10,550.0,-0.2410183769922974,0.7046537452436724,699.9968051118205,693.7263434514286,693.4551329954023,0.0,0.0,0.0,1.0,0.0,0.0,0.0,1.0,0.0,0.0,1.0,0.0,0.0,1.0,0.0,0.0
11,695.0,0.1797505996559766,-0.0703476238988182,699.9968051118205,708.1551527535004,693.4551329954023,0.0,0.0,0.0,1.0,0.0,0.0,0.0,1.0,0.0,0.0,1.0,0.0,0.0,1.0,0.0,0.0
12,650.0,0.3480581903152862,1.9002666718713728,699.9968051118205,678.7599566067489,693.4551329954023,0.0,0.0,0.0,1.0,0.0,0.0,0.0,1.0,0.0,0.0,1.0,0.0,0.0,1.0,0.0,0.0
13,700.0,-1.2508639209481551,-0.9942001047572137,699.9968051118205,708.1551527535004,704.7764683062795,0.0,0.0,0.0,1.0,0.0,0.0,1.0,0.0,0.0,1.0,0.0,0.0,0.0,1.0,0.0,0.0
14,700.0,-1.040479432624018,-1.0941978972853263,699.9968051118205,708.1551527535004,693.4551329954023,0.0,0.0,0.0,1.0,0.0,0.0,1.0,0.0,0.0,1.0,0.0,0.0,0.0,1.0,0.0,0.0
15,700.0,-0.7038642513053989,-0.905879807587151,699.9968051118205,705.4866033866903,704.7764683062795,0.0,0.0,0.0,1.0,0.0,0.0,0.0,1.0,0.0,1.0,0.0,0.0,0.0,1.0,0.0,0.0
16,650.0,0.0114430089966669,-0.939655854287334,699.9968051118205,708.1551527535004,693.4551329954023,0.0,0.0,0.0,1.0,0.0,0.0,0.0,1.0,0.0,0.0,1.0,0.0,0.0,1.0,0.0,0.0
17,700.0,1.9049034039139003,2.018002432031967,699.9968051118205,678.7599566067489,693.4551329954023,0.0,0.0,0.0,1.0,0.0,0.0,0.0,1.0,0.0,0.0,0.0,1.0,0.0,0.0,1.0,0.0
18,695.0,-0.8300949442998812,-1.066334506462637,699.9968051118205,711.6891227103873,704.7764683062795,0.0,0.0,0.0,1.0,0.0,0.0,1.0,0.0,0.0,1.0,0.0,0.0,0.0,1.0,0.0,0.0
19,675.0,-0.8300949442998812,0.5068014979430384,699.9968051118205,678.7599566067489,693.4551329954023,0.0,0.0,0.0,1.0,0.0,0.0,0.0,1.0,0.0,1.0,0.0,0.0,0.0,1.0,0.0,0.0
20,750.0,-0.6197104559757441,-1.1582763053576646,699.9968051118205,678.7599566067489,704.7764683062795,0.0,0.0,0.0,0.0,0.0,1.0,1.0,0.0,1.0,0.0,0.0,0.0,0.0,1.0,0.0,0.0
21,750.0,1.652442017924936,1.980235342614476,699.9968051118205,708.1551527535004,704.7764683062795,0.0,0.0,0.0,1.0,0.0,0.0,0.0,1.0,0.0,0.0,0.0,1.0,0.0,0.0,1.0,0.0
22,680.0,-0.914248739629536,-1.042683882952662,699.9968051118205,708.1551527535004,704.7764683062795,0.0,0.0,0.0,1.0,0.0,0.0,1.0,0.0,0.0,1.0,0.0,0.0,0.0,1.0,0.0,0.0
23,750.0,-0.3672490699867796,-0.3549680962016727,699.9968051118205,708.1551527535004,704.7764683062795,0.0,0.0,0.0,1.0,0.0,0.0,0.0,1.0,0.0,1.0,0.0,0.0,0.0,1.0,0.0,0.0
24,750.0,0.0114430089966669,0.341247133373214,699.9968051118205,705.4866033866903,693.4551329954023,0.0,0.0,0.0,0.0,1.0,0.0,0.0,1.0,0.0,1.0,0.0,0.0,0.0,1.0,0.0,0.0
25,750.0,-1.4612484092722922,-1.1947869554011885,699.9968051118205,711.6891227103873,704.7764683062795,0.0,0.0,0.0,0.0,0.0,1.0,1.0,0.0,1.0,0.0,0.0,0.0,0.0,1.0,0.0,0.0
26,750.0,-0.8300949442998812,-1.0871766184308025,699.9968051118205,708.1551527535004,693.4551329954023,0.0,0.0,0.0,1.0,0.0,0.0,1.0,0.0,0.0,1.0,0.0,0.0,0.0,1.0,0.0,0.0
27,650.0,0.0955968043263218,-0.6546658409921362,699.9968051118205,708.1551527535004,693.4551329954023,0.0,0.0,0.0,1.0,0.0,0.0,0.0,1.0,0.0,0.0,1.0,0.0,0.0,1.0,0.0,0.0
28,750.0,-1.2508639209481551,-1.1650758596167825,699.9968051118205,701.603661594757,693.4551329954023,0.0,0.0,0.0,0.0,0.0,1.0,0.0,1.0,1.0,0.0,0.0,0.0,0.0,1.0,0.0,0.0
29,750.0,-0.8721718419647085,-1.083702933102775,699.9968051118205,701.5941927498836,693.4551329954023,0.0,0.0,0.0,1.0,0.0,0.0,1.0,0.0,0.0,1.0,0.0,0.0,0.0,1.0,0.0,0.0
30,700.0,0.0955968043263218,-0.606551603789031,699.9968051118205,701.603661594757,693.4551329954023,0.0,0.0,0.0,1.0,0.0,0.0,0.0,1.0,0.0,0.0,1.0,0.0,0.0,1.0,0.0,0.0
31,747.0,1.5262113249304536,0.7325910442648302,699.9968051118205,708.1551527535004,704.7764683062795,0.0,0.0,0.0,1.0,0.0,0.0,0.0,1.0,0.0,0.0,0.0,1.0,0.0,0.0,1.0,0.0
32,640.0,-1.040479432624018,-0.6928763796004394,699.9968051118205,708.1551527535004,704.7764683062795,0.0,0.0,0.0,0.0,0.0,1.0,0.0,1.0,1.0,0.0,0.0,0.0,0.0,1.0,0.0,0.0
33,750.0,-1.2508639209481551,-1.0765338378513138,699.9968051118205,704.1712573077162,704.7764683062795,0.0,0.0,0.0,1.0,0.0,0.0,1.0,0.0,0.0,1.0,0.0,0.0,0.0,1.0,0.0,0.0
34,750.0,0.432211985644941,0.8872069954612913,699.9968051118205,705.4866033866903,704.7764683062795,0.0,0.0,0.0,1.0,0.0,0.0,0.0,1.0,0.0,0.0,1.0,0.0,0.0,1.0,0.0,0.0
35,625.0,-0.3251721723219523,1.7550370618804336,699.9968051118205,705.4866033866903,693.4551329954023,0.0,0.0,0.0,1.0,0.0,0.0,0.0,1.0,0.0,0.0,1.0,0.0,0.0,1.0,0.0,0.0
36,700.0,-0.8300949442998812,-1.1284173931763213,699.9968051118205,701.603661594757,704.7764683062795,0.0,0.0,0.0,0.0,0.0,1.0,0.0,1.0,1.0,0.0,0.0,0.0,0.0,1.0,0.0,0.0
37,750.0,-0.8300949442998812,-1.0555439094862111,699.9968051118205,693.7263434514286,704.7764683062795,0.0,0.0,0.0,0.0,0.0,1.0,0.0,1.0,1.0,0.0,0.0,0.0,0.0,1.0,0.0,0.0
38,650.0,-1.040479432624018,-1.1513289347016096,699.9968051118205,705.4866033866903,704.7764683062795,0.0,0.0,0.0,1.0,0.0,0.0,1.0,0.0,0.0,1.0,0.0,0.0,0.0,1.0,0.0,0.0
39,720.0,0.432211985644941,0.9164746420548852,699.9968051118205,705.4866033866903,693.4551329954023,0.0,0.0,0.0,1.0,0.0,0.0,0.0,1.0,0.0,0.0,0.0,1.0,0.0,1.0,0.0,0.0
40,699.0,-0.3251721723219523,-0.7100230816451713,699.9968051118205,701.603661594757,704.7764683062795,0.0,0.0,0.0,1.0,0.0,0.0,0.0,1.0,0.0,1.0,0.0,0.0,0.0,1.0,0.0,0.0
41,750.0,0.221827497320804,-0.2673868810162968,699.9968051118205,675.9743824969121,704.7764683062795,0.0,0.0,0.0,1.0,0.0,0.0,0.0,1.0,0.0,0.0,1.0,0.0,0.0,1.0,0.0,0.0
42,695.0,0.221827497320804,-0.20656043367658,699.9968051118205,675.9743824969121,704.7764683062795,0.0,0.0,0.0,1.0,0.0,0.0,0.0,1.0,0.0,0.0,1.0,0.0,0.0,1.0,0.0,0.0
43,750.0,0.7688271669635603,0.2232157404187454,699.9968051118205,675.9743824969121,704.7764683062795,0.0,0.0,0.0,1.0,0.0,0.0,0.0,1.0,0.0,0.0,1.0,0.0,0.0,0.0,1.0,0.0
44,620.0,0.0114430089966669,-0.6443186932065221,699.9968051118205,675.9743824969121,693.4551329954023,0.0,0.0,0.0,1.0,0.0,0.0,0.0,1.0,0.0,0.0,1.0,0.0,0.0,1.0,0.0,0.0
45,550.0,-0.914248739629536,-0.4257721503346601,699.9968051118205,675.9743824969121,693.4551329954023,0.0,0.0,0.0,1.0,0.0,0.0,0.0,1.0,0.0,1.0,0.0,0.0,0.0,1.0,0.0,0.0
46,750.0,-0.5776335583109167,-1.125091524245231,699.9968051118205,701.603661594757,704.7764683062795,0.0,0.0,0.0,1.0,0.0,0.0,1.0,0.0,0.0,1.0,0.0,0.0,0.0,1.0,0.0,0.0
47,680.0,-0.19894147932747,-0.8574699375901711,699.9968051118205,678.7599566067489,693.4551329954023,0.0,0.0,0.0,0.0,0.0,1.0,0.0,1.0,1.0,0.0,0.0,0.0,0.0,1.0,0.0,0.0
48,700.0,-0.409325967651607,1.1347255521328723,685.8023896188589,675.9743824969121,680.5601837397412,0.0,0.0,0.0,1.0,0.0,0.0,0.0,1.0,0.0,1.0,0.0,0.0,0.0,0.0,1.0,0.0
49,750.0,-1.040479432624018,-0.9350735459822764,685.8023896188589,675.9743824969121,680.5601837397412,0.0,0.0,1.0,0.0,0.0,0.0,0.0,1.0,0.0,1.0,0.0,0.0,0.0,1.0,0.0,0.0
50,750.0,0.2639043949856314,-0.2503879953685023,699.9968051118205,708.1551527535004,704.7764683062795,0.0,0.0,0.0,1.0,0.0,0.0,0.0,1.0,0.0,0.0,1.0,0.0,0.0,1.0,0.0,0.0
51,650.0,0.221827497320804,0.9416773377327023,699.9968051118205,693.7263434514286,704.7764683062795,0.0,0.0,0.0,1.0,0.0,0.0,0.0,1.0,0.0,1.0,0.0,0.0,0.0,1.0,0.0,0.0
52,600.0,-0.409325967651607,0.5713972634046575,699.9968051118205,675.9743824969121,704.7764683062795,0.0,0.0,0.0,1.0,0.0,0.0,0.0,1.0,0.0,1.0,0.0,0.0,0.0,1.0,0.0,0.0
53,650.0,0.0535199066614944,1.344181386593088,699.9968051118205,705.4866033866903,704.7764683062795,0.0,0.0,0.0,1.0,0.0,0.0,0.0,1.0,0.0,1.0,0.0,0.0,0.0,1.0,0.0,0.0
54,650.0,0.221827497320804,-0.3815011394519258,699.9968051118205,701.603661594757,693.4551329954023,0.0,0.0,0.0,1.0,0.0,0.0,1.0,0.0,0.0,0.0,1.0,0.0,0.0,1.0,0.0,0.0
55,700.0,-0.6197104559757441,-0.3235571118524872,699.9968051118205,701.603661594757,693.4551329954023,0.0,0.0,0.0,1.0,0.0,0.0,0.0,1.0,0.0,1.0,0.0,0.0,0.0,1.0,0.0,0.0
56,625.0,0.0955968043263218,-0.3719669818494672,699.9968051118205,678.7599566067489,693.4551329954023,0.0,0.0,0.0,1.0,0.0,0.0,0.0,1.0,0.0,0.0,1.0,0.0,0.0,1.0,0.0,0.0
57,595.0,-0.6197104559757441,-0.8984150795418152,699.9968051118205,678.7599566067489,693.4551329954023,0.0,0.0,0.0,1.0,0.0,0.0,0.0,1.0,0.0,1.0,0.0,0.0,0.0,1.0,0.0,0.0
58,650.0,-0.19894147932747,-0.4585134822562816,699.9968051118205,711.6891227103873,704.7764683062795,0.0,0.0,0.0,1.0,0.0,0.0,0.0,1.0,0.0,1.0,0.0,0.0,0.0,1.0,0.0,0.0
59,725.0,-0.409325967651607,-0.6644956313884695,699.9968051118205,705.4866033866903,704.7764683062795,0.0,0.0,0.0,1.0,0.0,0.0,0.0,1.0,0.0,1.0,0.0,0.0,0.0,1.0,0.0,0.0
60,750.0,1.4841344272656265,0.8709471917981836,699.9968051118205,701.631035140754,704.7764683062795,0.0,0.0,0.0,1.0,0.0,0.0,0.0,1.0,0.0,0.0,0.0,1.0,0.0,1.0,0.0,0.0
61,700.0,-1.2508639209481551,-0.3436601418359659,699.9968051118205,708.1551527535004,704.7764683062795,0.0,0.0,0.0,0.0,1.0,0.0,0.0,1.0,0.0,1.0,0.0,0.0,0.0,1.0,0.0,0.0
62,700.0,-1.3770946139426374,-1.131373721115068,699.9968051118205,701.603661594757,693.4551329954023,0.0,0.0,0.0,1.0,0.0,0.0,1.0,0.0,0.0,1.0,0.0,0.0,0.0,1.0,0.0,0.0
63,650.0,-0.0306338886681604,1.0246023364145518,699.9968051118205,708.1551527535004,704.7764683062795,0.0,0.0,0.0,1.0,0.0,0.0,0.0,1.0,0.0,0.0,1.0,0.0,0.0,1.0,0.0,0.0
64,550.0,-0.8300949442998812,0.0776904976339309,699.9968051118205,701.603661594757,704.7764683062795,0.0,0.0,0.0,1.0,0.0,0.0,0.0,1.0,0.0,1.0,0.0,0.0,0.0,1.0,0.0,0.0
65,650.0,-0.19894147932747,-0.4732212137515473,699.9968051118205,711.6891227103873,704.7764683062795,0.0,0.0,0.0,1.0,0.0,0.0,0.0,1.0,0.0,1.0,0.0,0.0,0.0,1.0,0.0,0.0
66,750.0,0.221827497320804,-0.8217722777298027,699.9968051118205,675.9743824969121,704.7764683062795,0.0,0.0,0.0,1.0,0.0,0.0,0.0,1.0,0.0,0.0,1.0,0.0,0.0,1.0,0.0,0.0
67,725.0,0.432211985644941,-0.9298999720894692,699.9968051118205,675.9743824969121,704.7764683062795,0.0,0.0,0.0,1.0,0.0,0.0,0.0,1.0,0.0,0.0,1.0,0.0,0.0,1.0,0.0,0.0
68,700.0,0.8529809622932151,0.9431555017020756,699.9968051118205,708.1551527535004,693.4551329954023,0.0,0.0,0.0,1.0,0.0,0.0,0.0,1.0,0.0,1.0,0.0,0.0,0.0,1.0,0.0,0.0
69,650.0,-0.8300949442998812,-0.3307262071039484,699.9968051118205,678.7599566067489,704.7764683062795,0.0,0.0,0.0,1.0,0.0,0.0,0.0,1.0,0.0,1.0,0.0,0.0,0.0,1.0,0.0,0.0
70,695.0,1.2737499389414892,-0.6629435592206274,699.9968051118205,675.9743824969121,693.4551329954023,0.0,0.0,0.0,1.0,0.0,0.0,0.0,1.0,0.0,0.0,0.0,1.0,0.0,1.0,0.0,0.0
71,750.0,-0.19894147932747,-0.7894743949989932,699.9968051118205,675.9743824969121,693.4551329954023,0.0,0.0,0.0,1.0,0.0,0.0,0.0,1.0,0.0,1.0,0.0,0.0,0.0,1.0,0.0,0.0
72,650.0,0.221827497320804,-0.6755079529603015,699.9968051118205,675.9743824969121,704.7764683062795,0.0,0.0,0.0,1.0,0.0,0.0,0.0,1.0,0.0,0.0,1.0,0.0,0.0,1.0,0.0,0.0
73,666.0,0.432211985644941,0.6033256051431236,699.9968051118205,708.1551527535004,704.7764683062795,0.0,0.0,0.0,1.0,0.0,0.0,0.0,1.0,0.0,1.0,0.0,0.0,0.0,0.0,1.0,0.0
74,750.0,0.7688271669635603,0.9812921321119104,699.9968051118205,675.9743824969121,704.7764683062795,0.0,0.0,0.0,1.0,0.0,0.0,0.0,1.0,0.0,0.0,1.0,0.0,0.0,0.0,1.0,0.0
75,630.0,0.6005195763042507,1.4622127795475566,699.9968051118205,675.9743824969121,704.7764683062795,0.0,0.0,0.0,1.0,0.0,0.0,0.0,1.0,0.0,0.0,0.0,1.0,0.0,1.0,0.0,0.0
76,635.0,-0.19894147932747,-0.160441717832129,699.9968051118205,705.4866033866903,704.7764683062795,0.0,0.0,0.0,0.0,0.0,1.0,0.0,1.0,1.0,0.0,0.0,0.0,0.0,1.0,0.0,0.0
77,725.0,0.3901350879801136,1.4185330342525715,699.9968051118205,708.1551527535004,704.7764683062795,0.0,0.0,0.0,1.0,0.0,0.0,0.0,1.0,0.0,0.0,1.0,0.0,0.0,1.0,0.0,0.0
78,750.0,-1.040479432624018,-1.1706928827004015,699.9968051118205,708.1551527535004,693.4551329954023,0.0,0.0,0.0,1.0,0.0,0.0,1.0,0.0,0.0,1.0,0.0,0.0,0.0,1.0,0.0,0.0
79,690.0,0.221827497320804,-0.8850376956189856,699.9968051118205,701.603661594757,693.4551329954023,0.0,0.0,0.0,1.0,0.0,0.0,0.0,1.0,0.0,0.0,1.0,0.0,0.0,1.0,0.0,0.0
80,700.0,-1.2508639209481551,-1.1572415905791031,699.9968051118205,705.4866033866903,704.7764683062795,0.0,0.0,0.0,0.0,0.0,1.0,1.0,0.0,1.0,0.0,0.0,0.0,0.0,1.0,0.0,0.0
81,730.0,0.1797505996559766,0.26135237082858,699.9968051118205,708.1551527535004,693.4551329954023,0.0,0.0,0.0,1.0,0.0,0.0,0.0,1.0,0.0,0.0,0.0,1.0,0.0,1.0,0.0,0.0
82,750.0,-0.3672490699867796,-0.9802314552466348,699.9968051118205,708.1551527535004,704.7764683062795,0.0,0.0,0.0,1.0,0.0,0.0,0.0,1.0,0.0,1.0,0.0,0.0,0.0,1.0,0.0,0.0
83,750.0,-0.4934797629812619,0.2828596565829634,699.9968051118205,711.6891227103873,704.7764683062795,0.0,0.0,0.0,1.0,0.0,0.0,1.0,0.0,0.0,1.0,0.0,0.0,0.0,1.0,0.0,0.0
84,690.0,-1.040479432624018,-0.8792728561384292,699.9968051118205,675.9743824969121,693.4551329954023,0.0,0.0,0.0,1.0,0.0,0.0,0.0,1.0,0.0,1.0,0.0,0.0,0.0,1.0,0.0,0.0
85,750.0,0.6005195763042507,-0.2721170057182918,699.9968051118205,711.6891227103873,704.7764683062795,0.0,0.0,0.0,1.0,0.0,0.0,0.0,1.0,0.0,0.0,0.0,1.0,0.0,1.0,0.0,0.0
86,700.0,-1.040479432624018,-1.1712102400896822,699.9968051118205,678.7599566067489,693.4551329954023,0.0,0.0,1.0,0.0,0.0,0.0,0.0,1.0,0.0,1.0,0.0,0.0,0.0,1.0,0.0,0.0
87,720.0,-0.7459411489702263,-0.6183030073455497,699.9968051118205,711.6891227103873,704.7764683062795,0.0,0.0,0.0,1.0,0.0,0.0,0.0,1.0,0.0,1.0,0.0,0.0,0.0,1.0,0.0,0.0
88,595.0,-0.19894147932747,0.9608195611360882,699.9968051118205,708.1551527535004,693.4551329954023,0.0,0.0,0.0,1.0,0.0,0.0,0.0,1.0,0.0,1.0,0.0,0.0,0.0,1.0,0.0,0.0
89,700.0,-0.6197104559757441,-1.151920200289359,699.9968051118205,708.1551527535004,693.4551329954023,0.0,0.0,0.0,1.0,0.0,0.0,1.0,0.0,0.0,1.0,0.0,0.0,0.0,1.0,0.0,0.0
90,500.0,-0.6197104559757441,1.144777067124612,699.9968051118205,675.9743824969121,693.4551329954023,0.0,0.0,0.0,1.0,0.0,0.0,0.0,1.0,0.0,1.0,0.0,0.0,0.0,1.0,0.0,0.0
91,700.0,0.642596473969078,2.011498510566724,699.9968051118205,708.1551527535004,693.4551329954023,0.0,0.0,0.0,1.0,0.0,0.0,0.0,1.0,0.0,0.0,1.0,0.0,0.0,1.0,0.0,0.0
92,675.0,1.147519245947007,2.054956531266303,699.9968051118205,705.4866033866903,693.4551329954023,0.0,0.0,1.0,0.0,0.0,0.0,0.0,1.0,0.0,0.0,1.0,0.0,0.0,0.0,1.0,0.0
93,650.0,-0.6197104559757441,1.5551892932211455,699.9968051118205,678.7599566067489,693.4551329954023,0.0,0.0,0.0,1.0,0.0,0.0,0.0,1.0,0.0,1.0,0.0,0.0,0.0,1.0,0.0,0.0
94,750.0,-0.19894147932747,-1.16633229899075,699.9968051118205,705.4866033866903,704.7764683062795,0.0,0.0,0.0,0.0,0.0,1.0,0.0,1.0,1.0,0.0,0.0,0.0,0.0,1.0,0.0,0.0
95,720.0,-0.6197104559757441,-0.0935547982179811,699.9968051118205,701.5941927498836,704.7764683062795,0.0,0.0,0.0,0.0,0.0,1.0,0.0,1.0,1.0,0.0,0.0,0.0,0.0,1.0,0.0,0.0
96,624.0,-0.6197104559757441,0.5453076693452164,690.3456647384024,675.9743824969121,704.7764683062795,0.0,0.0,0.0,1.0,0.0,0.0,0.0,1.0,0.0,1.0,0.0,0.0,0.0,1.0,0.0,0.0
97,633.0,-0.6197104559757441,0.5453076693452164,690.3456647384024,675.9743824969121,704.7764683062795,0.0,0.0,0.0,1.0,0.0,0.0,0.0,1.0,0.0,1.0,0.0,0.0,0.0,1.0,0.0,0.0
98,640.0,-1.124633227953673,-0.4072211925190235,699.9968051118205,705.4866033866903,704.7764683062795,0.0,0.0,0.0,0.0,0.0,1.0,0.0,1.0,1.0,0.0,0.0,0.0,0.0,1.0,0.0,0.0
99,645.0,1.0212885529525249,2.004994589101481,699.9968051118205,705.4866033866903,704.7764683062795,0.0,0.0,0.0,1.0,0.0,0.0,0.0,1.0,0.0,0.0,1.0,0.0,0.0,0.0,1.0,0.0
100,750.0,-0.5776335583109167,-1.1551721610219805,699.9968051118205,701.603661594757,693.4551329954023,0.0,0.0,0.0,1.0,0.0,0.0,1.0,0.0,0.0,1.0,0.0,0.0,0.0,1.0,0.0,0.0
101,735.0,-1.040479432624018,-0.4146859205643594,699.9968051118205,708.1551527535004,704.7764683062795,0.0,0.0,0.0,0.0,0.0,1.0,0.0,1.0,1.0,0.0,0.0,0.0,0.0,1.0,0.0,0.0
102,600.0,-0.19894147932747,0.6274935860423793,685.8023896188589,675.9743824969121,680.5601837397412,0.0,0.0,0.0,1.0,0.0,0.0,0.0,1.0,0.0,1.0,0.0,0.0,0.0,1.0,0.0,0.0
103,750.0,0.642596473969078,-0.6217766926735773,699.9968051118205,675.9743824969121,693.4551329954023,0.0,0.0,0.0,1.0,0.0,0.0,0.0,1.0,0.0,0.0,0.0,1.0,0.0,1.0,0.0,0.0
104,600.0,-1.4612484092722922,-1.2206548248652234,699.9968051118205,701.5941927498836,704.7764683062795,0.0,0.0,0.0,0.0,1.0,0.0,0.0,1.0,0.0,1.0,0.0,0.0,0.0,1.0,0.0,0.0
105,705.0,-0.4934797629812619,-0.3863051723523895,699.9968051118205,711.6891227103873,704.7764683062795,0.0,0.0,0.0,1.0,0.0,0.0,0.0,1.0,0.0,1.0,0.0,0.0,0.0,1.0,0.0,0.0
106,650.0,0.0955968043263218,1.9607974864172155,699.9968051118205,701.603661594757,693.4551329954023,0.0,0.0,0.0,1.0,0.0,0.0,0.0,1.0,0.0,0.0,1.0,0.0,0.0,1.0,0.0,0.0
107,700.0,0.0535199066614944,0.5334823575902289,699.9968051118205,708.1551527535004,693.4551329954023,0.0,0.0,1.0,0.0,0.0,0.0,0.0,1.0,0.0,0.0,1.0,0.0,0.0,1.0,0.0,0.0
108,650.0,-0.8300949442998812,-0.8581351113763891,699.9968051118205,693.7263434514286,704.7764683062795,0.0,0.0,0.0,0.0,0.0,1.0,1.0,0.0,1.0,0.0,0.0,0.0,0.0,1.0,0.0,0.0
109,700.0,-0.8300949442998812,-1.0068384066953564,699.9968051118205,678.7599566067489,693.4551329954023,0.0,0.0,0.0,1.0,0.0,0.0,0.0,1.0,0.0,1.0,0.0,0.0,0.0,1.0,0.0,0.0
110,730.0,-0.3672490699867796,-0.7340432461474895,699.9968051118205,711.6891227103873,693.4551329954023,0.0,0.0,0.0,1.0,0.0,0.0,0.0,1.0,0.0,0.0,1.0,0.0,0.0,1.0,0.0,0.0
111,750.0,-0.409325967651607,-0.618450823742487,699.9968051118205,701.603661594757,693.4551329954023,0.0,0.0,0.0,1.0,0.0,0.0,0.0,1.0,0.0,0.0,1.0,0.0,0.0,1.0,0.0,0.0
112,680.0,-0.1568645816626426,0.1921003888634346,699.9968051118205,701.603661594757,693.4551329954023,0.0,0.0,0.0,1.0,0.0,0.0,0.0,1.0,0.0,0.0,1.0,0.0,0.0,1.0,0.0,0.0
113,710.0,0.7688271669635603,0.3634935011122842,699.9968051118205,711.6891227103873,693.4551329954023,0.0,0.0,0.0,1.0,0.0,0.0,0.0,1.0,0.0,0.0,0.0,1.0,0.0,1.0,0.0,0.0
114,720.0,-0.5355566606460893,-0.7103187144390459,699.9968051118205,708.1551527535004,693.4551329954023,0.0,0.0,0.0,1.0,0.0,0.0,0.0,1.0,0.0,0.0,1.0,0.0,0.0,1.0,0.0,0.0
115,750.0,-0.7038642513053989,-0.8401015109500333,699.9968051118205,675.9743824969121,704.7764683062795,0.0,0.0,0.0,0.0,0.0,1.0,0.0,1.0,1.0,0.0,0.0,0.0,0.0,1.0,0.0,0.0
116,695.0,-0.8300949442998812,-0.3194921609367103,699.9968051118205,675.9743824969121,704.7764683062795,0.0,0.0,0.0,0.0,0.0,1.0,0.0,1.0,1.0,0.0,0.0,0.0,0.0,1.0,0.0,0.0
117,630.0,-0.2410183769922974,1.1628106675509675,685.8023896188589,675.9743824969121,680.5601837397412,0.0,0.0,0.0,1.0,0.0,0.0,0.0,1.0,0.0,1.0,0.0,0.0,0.0,0.0,1.0,0.0
118,750.0,1.2737499389414892,0.7170703225864092,699.9968051118205,675.9743824969121,704.7764683062795,0.0,0.0,0.0,1.0,0.0,0.0,0.0,1.0,0.0,0.0,0.0,1.0,0.0,1.0,0.0,0.0
119,730.0,-0.409325967651607,-0.5899222591335798,699.9968051118205,705.4866033866903,704.7764683062795,0.0,0.0,0.0,1.0,0.0,0.0,0.0,1.0,0.0,1.0,0.0,0.0,0.0,1.0,0.0,0.0
120,600.0,1.2737499389414892,0.6269762286530985,699.9968051118205,675.9743824969121,704.7764683062795,0.0,0.0,0.0,1.0,0.0,0.0,0.0,1.0,0.0,0.0,0.0,1.0,0.0,1.0,0.0,0.0
121,650.0,-0.6197104559757441,-0.8161552546461837,699.9968051118205,678.7599566067489,704.7764683062795,0.0,0.0,0.0,0.0,0.0,1.0,0.0,1.0,1.0,0.0,0.0,0.0,0.0,1.0,0.0,0.0
122,750.0,-0.914248739629536,-1.1994431719047147,699.9968051118205,678.7599566067489,704.7764683062795,0.0,0.0,0.0,1.0,0.0,0.0,1.0,0.0,0.0,1.0,0.0,0.0,0.0,1.0,0.0,0.0
123,730.0,-0.409325967651607,-0.0213464883140889,699.9968051118205,675.9743824969121,704.7764683062795,0.0,0.0,0.0,1.0,0.0,0.0,0.0,1.0,0.0,1.0,0.0,0.0,0.0,1.0,0.0,0.0
124,735.0,-1.2508639209481551,-0.4072951007174922,699.9968051118205,705.4866033866903,704.7764683062795,0.0,0.0,0.0,0.0,0.0,1.0,0.0,1.0,1.0,0.0,0.0,0.0,0.0,1.0,0.0,0.0
125,610.0,0.5163657809745958,0.2102818056867278,699.9968051118205,678.7599566067489,704.7764683062795,0.0,0.0,0.0,1.0,0.0,0.0,1.0,0.0,0.0,1.0,0.0,0.0,0.0,1.0,0.0,0.0
126,580.0,-0.2410183769922974,1.652156849612043,699.9968051118205,675.9743824969121,680.5601837397412,1.0,0.0,0.0,0.0,0.0,0.0,1.0,0.0,0.0,0.0,0.0,1.0,0.0,0.0,1.0,0.0
127,725.0,-0.409325967651607,0.5238742917893016,699.9968051118205,693.7263434514286,693.4551329954023,0.0,0.0,0.0,1.0,0.0,0.0,0.0,1.0,0.0,1.0,0.0,0.0,0.0,1.0,0.0,0.0
128,750.0,-0.4934797629812619,-0.8583568359717951,699.9968051118205,708.1551527535004,693.4551329954023,0.0,0.0,0.0,1.0,0.0,0.0,0.0,1.0,0.0,1.0,0.0,0.0,0.0,1.0,0.0,0.0
129,750.0,0.432211985644941,0.95793714139581,699.9968051118205,705.4866033866903,693.4551329954023,0.0,0.0,0.0,1.0,0.0,0.0,0.0,1.0,0.0,0.0,0.0,1.0,0.0,1.0,0.0,0.0
130,750.0,-0.4514028653164345,-0.608547125147685,699.9968051118205,704.1712573077162,704.7764683062795,0.0,0.0,0.0,1.0,0.0,0.0,0.0,1.0,0.0,1.0,0.0,0.0,0.0,1.0,0.0,0.0
131,730.0,0.0114430089966669,0.3140489163367428,699.9968051118205,701.603661594757,693.4551329954023,0.0,0.0,0.0,1.0,0.0,0.0,0.0,1.0,0.0,0.0,0.0,1.0,0.0,1.0,0.0,0.0
132,560.0,-1.4191715116074648,-1.1879874011420706,699.9968051118205,678.7599566067489,693.4551329954023,0.0,0.0,0.0,1.0,0.0,0.0,1.0,0.0,0.0,1.0,0.0,0.0,0.0,1.0,0.0,0.0
133,700.0,-1.545402204601947,-1.1402427049313086,685.8023896188589,675.9743824969121,680.5601837397412,0.0,0.0,0.0,0.0,0.0,1.0,0.0,1.0,1.0,0.0,0.0,0.0,0.0,1.0,0.0,0.0
134,750.0,0.8529809622932151,-0.126222221941134,699.9968051118205,705.4866033866903,704.7764683062795,0.0,0.0,0.0,1.0,0.0,0.0,0.0,1.0,0.0,0.0,0.0,1.0,0.0,1.0,0.0,0.0
135,730.0,0.432211985644941,0.1538898502551314,699.9968051118205,701.603661594757,693.4551329954023,0.0,0.0,0.0,1.0,0.0,0.0,0.0,1.0,0.0,0.0,0.0,1.0,0.0,1.0,0.0,0.0
136,730.0,-0.3251721723219523,-0.5817923573020259,699.9968051118205,711.6891227103873,693.4551329954023,0.0,0.0,0.0,1.0,0.0,0.0,0.0,1.0,0.0,0.0,1.0,0.0,0.0,1.0,0.0,0.0
137,740.0,0.1797505996559766,-0.6159379449945522,699.9968051118205,701.603661594757,693.4551329954023,0.0,0.0,0.0,1.0,0.0,0.0,0.0,1.0,0.0,0.0,1.0,0.0,0.0,1.0,0.0,0.0
138,720.0,0.221827497320804,-0.6790555464867978,699.9968051118205,705.4866033866903,693.4551329954023,0.0,0.0,0.0,1.0,0.0,0.0,0.0,1.0,0.0,0.0,1.0,0.0,0.0,1.0,0.0,0.0
139,720.0,0.1376737019911492,0.2241026388003694,699.9968051118205,705.4866033866903,693.4551329954023,0.0,0.0,0.0,1.0,0.0,0.0,0.0,1.0,0.0,0.0,1.0,0.0,0.0,1.0,0.0,0.0
140,740.0,-0.2410183769922974,-0.7437252201468855,699.9968051118205,708.1551527535004,704.7764683062795,0.0,0.0,0.0,1.0,0.0,0.0,0.0,1.0,0.0,0.0,1.0,0.0,0.0,1.0,0.0,0.0
141,720.0,-0.3251721723219523,-0.295915445625204,699.9968051118205,701.603661594757,693.4551329954023,0.0,0.0,0.0,1.0,0.0,0.0,0.0,1.0,0.0,0.0,1.0,0.0,0.0,1.0,0.0,0.0
142,730.0,-0.6197104559757441,-0.9100925748998652,699.9968051118205,701.603661594757,693.4551329954023,0.0,0.0,0.0,1.0,0.0,0.0,0.0,1.0,0.0,0.0,1.0,0.0,0.0,1.0,0.0,0.0
143,600.0,0.8529809622932151,-0.7003411076457752,685.8023896188589,675.9743824969121,680.5601837397412,0.0,0.0,1.0,0.0,0.0,0.0,1.0,0.0,0.0,1.0,0.0,0.0,0.0,1.0,0.0,0.0
144,600.0,0.8529809622932151,-0.7064015799202062,685.8023896188589,675.9743824969121,680.5601837397412,0.0,0.0,1.0,0.0,0.0,0.0,1.0,0.0,0.0,1.0,0.0,0.0,0.0,1.0,0.0,0.0
145,725.0,0.4742888833097685,0.4773860349525071,699.9968051118205,708.1551527535004,693.4551329954023,0.0,0.0,1.0,0.0,0.0,0.0,0.0,1.0,0.0,0.0,1.0,0.0,0.0,1.0,0.0,0.0
146,675.0,0.6846733716339055,1.979717985225196,699.9968051118205,705.4866033866903,693.4551329954023,0.0,0.0,0.0,1.0,0.0,0.0,0.0,1.0,0.0,0.0,0.0,1.0,0.0,1.0,0.0,0.0
147,750.0,-0.2410183769922974,-0.0639176106320438,699.9968051118205,701.603661594757,704.7764683062795,0.0,0.0,0.0,1.0,0.0,0.0,0.0,1.0,0.0,1.0,0.0,0.0,0.0,1.0,0.0,0.0
148,750.0,0.8109040646283877,1.330212737082509,699.9968051118205,708.1551527535004,693.4551329954023,0.0,0.0,1.0,0.0,0.0,0.0,0.0,1.0,0.0,0.0,1.0,0.0,0.0,0.0,1.0,0.0
149,700.0,-0.2410183769922974,-0.9862919275210658,699.9968051118205,705.4866033866903,704.7764683062795,0.0,0.0,0.0,1.0,0.0,0.0,0.0,1.0,0.0,1.0,0.0,0.0,0.0,1.0,0.0,0.0
150,750.0,-0.2410183769922974,-0.619115997528705,699.9968051118205,701.603661594757,693.4551329954023,0.0,0.0,0.0,1.0,0.0,0.0,0.0,1.0,0.0,0.0,1.0,0.0,0.0,1.0,0.0,0.0
151,730.0,-0.4934797629812619,-0.717044360499695,699.9968051118205,701.603661594757,693.4551329954023,0.0,0.0,0.0,1.0,0.0,0.0,0.0,1.0,0.0,0.0,1.0,0.0,0.0,1.0,0.0,0.0
152,650.0,0.0535199066614944,0.8799639920113616,699.9968051118205,711.6891227103873,693.4551329954023,0.0,0.0,0.0,1.0,0.0,0.0,0.0,1.0,0.0,0.0,1.0,0.0,0.0,1.0,0.0,0.0
153,730.0,0.1376737019911492,-0.6508226146717653,699.9968051118205,708.1551527535004,693.4551329954023,0.0,0.0,0.0,1.0,0.0,0.0,0.0,1.0,0.0,0.0,1.0,0.0,0.0,1.0,0.0,0.0
154,720.0,-0.409325967651607,-0.7137923997670734,699.9968051118205,705.4866033866903,693.4551329954023,0.0,0.0,0.0,1.0,0.0,0.0,0.0,1.0,0.0,0.0,1.0,0.0,0.0,1.0,0.0,0.0
155,720.0,-0.3672490699867796,-0.7188181572629432,699.9968051118205,708.1551527535004,693.4551329954023,0.0,0.0,0.0,1.0,0.0,0.0,0.0,1.0,0.0,0.0,1.0,0.0,0.0,1.0,0.0,0.0
156,750.0,-0.5355566606460893,-0.8987846205341585,699.9968051118205,708.1551527535004,693.4551329954023,0.0,0.0,0.0,1.0,0.0,0.0,0.0,1.0,0.0,0.0,1.0,0.0,0.0,1.0,0.0,0.0
157,730.0,-0.409325967651607,-0.686446366333665,699.9968051118205,701.603661594757,693.4551329954023,0.0,0.0,0.0,1.0,0.0,0.0,0.0,1.0,0.0,0.0,1.0,0.0,0.0,1.0,0.0,0.0
158,730.0,-0.8300949442998812,-0.9236916834181008,699.9968051118205,705.4866033866903,693.4551329954023,0.0,0.0,0.0,1.0,0.0,0.0,0.0,1.0,0.0,0.0,1.0,0.0,0.0,1.0,0.0,0.0
159,670.0,0.3059812926504588,0.6209157563786675,699.9968051118205,708.1551527535004,704.7764683062795,0.0,0.0,0.0,1.0,0.0,0.0,0.0,1.0,0.0,0.0,1.0,0.0,0.0,1.0,0.0,0.0
160,740.0,-0.3251721723219523,-0.8748383642303089,699.9968051118205,701.603661594757,693.4551329954023,0.0,0.0,0.0,1.0,0.0,0.0,0.0,1.0,0.0,0.0,1.0,0.0,0.0,1.0,0.0,0.0
161,720.0,0.3901350879801136,0.9153660190778552,699.9968051118205,708.1551527535004,704.7764683062795,0.0,0.0,0.0,1.0,0.0,0.0,0.0,1.0,0.0,0.0,1.0,0.0,0.0,1.0,0.0,0.0
162,750.0,-0.0306338886681604,-0.6133511580481488,699.9968051118205,711.6891227103873,693.4551329954023,0.0,0.0,0.0,1.0,0.0,0.0,0.0,1.0,0.0,0.0,1.0,0.0,0.0,1.0,0.0,0.0
163,740.0,-0.6197104559757441,-0.6636087330068454,699.9968051118205,701.603661594757,693.4551329954023,0.0,0.0,0.0,1.0,0.0,0.0,0.0,1.0,0.0,0.0,1.0,0.0,0.0,1.0,0.0,0.0
164,740.0,0.0114430089966669,-0.7412123413989506,699.9968051118205,708.1551527535004,704.7764683062795,0.0,0.0,0.0,1.0,0.0,0.0,0.0,1.0,0.0,0.0,1.0,0.0,0.0,1.0,0.0,0.0
165,730.0,-0.6197104559757441,-1.1710624236927447,699.9968051118205,675.9743824969121,704.7764683062795,0.0,0.0,0.0,0.0,0.0,1.0,1.0,0.0,1.0,0.0,0.0,0.0,0.0,1.0,0.0,0.0
166,620.0,0.642596473969078,0.3211441033897353,699.9968051118205,675.9743824969121,704.7764683062795,0.0,0.0,0.0,1.0,0.0,0.0,0.0,1.0,0.0,0.0,0.0,1.0,0.0,1.0,0.0,0.0
167,695.0,0.3059812926504588,-0.0434450396562218,699.9968051118205,675.9743824969121,693.4551329954023,0.0,0.0,0.0,1.0,0.0,0.0,0.0,1.0,0.0,0.0,1.0,0.0,0.0,1.0,0.0,0.0
168,650.0,1.4841344272656265,0.9744925778527924,699.9968051118205,675.9743824969121,704.7764683062795,0.0,0.0,0.0,1.0,0.0,0.0,0.0,1.0,0.0,0.0,0.0,1.0,0.0,1.0,0.0,0.0
169,675.0,0.3480581903152862,1.017137608369216,699.9968051118205,675.9743824969121,704.7764683062795,0.0,0.0,0.0,1.0,0.0,0.0,0.0,1.0,0.0,0.0,1.0,0.0,0.0,1.0,0.0,0.0
170,695.0,0.221827497320804,-0.6071428693767803,699.9968051118205,675.9743824969121,693.4551329954023,0.0,0.0,0.0,1.0,0.0,0.0,0.0,1.0,0.0,0.0,1.0,0.0,0.0,1.0,0.0,0.0
171,750.0,2.1573647899028647,0.2870724238956777,699.9968051118205,701.2436189227584,704.7764683062795,0.0,0.0,0.0,1.0,0.0,0.0,0.0,1.0,0.0,0.0,1.0,0.0,0.0,0.0,1.0,0.0
172,675.0,-1.040479432624018,-1.15908929554082,685.8023896188589,675.9743824969121,680.5601837397412,0.0,0.0,0.0,1.0,0.0,0.0,1.0,0.0,0.0,1.0,0.0,0.0,0.0,1.0,0.0,0.0
173,730.0,0.0114430089966669,0.2998585422307579,699.9968051118205,701.603661594757,693.4551329954023,0.0,0.0,0.0,1.0,0.0,0.0,1.0,0.0,0.0,0.0,0.0,1.0,0.0,1.0,0.0,0.0
174,690.0,1.0633654506173522,0.3034061357572541,699.9968051118205,675.9743824969121,704.7764683062795,0.0,0.0,0.0,1.0,0.0,0.0,0.0,1.0,0.0,0.0,1.0,0.0,0.0,1.0,0.0,0.0
175,750.0,-0.6197104559757441,-0.8580612031779205,699.9968051118205,678.7599566067489,693.4551329954023,0.0,0.0,0.0,1.0,0.0,0.0,1.0,0.0,0.0,1.0,0.0,0.0,0.0,1.0,0.0,0.0
176,600.0,-1.1667101256185004,-0.7667106698706423,699.9968051118205,708.1551527535004,704.7764683062795,0.0,0.0,0.0,0.0,0.0,1.0,0.0,1.0,1.0,0.0,0.0,0.0,0.0,1.0,0.0,0.0
177,723.0,-1.4612484092722922,0.0056300041269761,690.3456647384024,675.9743824969121,704.7764683062795,0.0,0.0,0.0,0.0,0.0,1.0,0.0,1.0,1.0,0.0,0.0,0.0,0.0,1.0,0.0,0.0
178,725.0,-0.409325967651607,-0.4579222166685323,699.9968051118205,708.1551527535004,704.7764683062795,0.0,0.0,0.0,1.0,0.0,0.0,0.0,1.0,0.0,1.0,0.0,0.0,0.0,1.0,0.0,0.0
179,750.0,0.3059812926504588,-0.3726321556356852,685.8023896188589,675.9743824969121,680.5601837397412,0.0,0.0,0.0,1.0,0.0,0.0,0.0,1.0,0.0,0.0,0.0,1.0,0.0,1.0,0.0,0.0
180,600.0,-0.6197104559757441,1.7962778366259524,685.8023896188589,675.9743824969121,680.5601837397412,0.0,0.0,0.0,1.0,0.0,0.0,0.0,1.0,0.0,0.0,1.0,0.0,0.0,1.0,0.0,0.0
181,750.0,0.432211985644941,-0.1520161832067004,699.9968051118205,705.4866033866903,693.4551329954023,0.0,0.0,0.0,1.0,0.0,0.0,0.0,1.0,0.0,0.0,0.0,1.0,0.0,1.0,0.0,0.0
182,720.0,-0.2410183769922974,-0.9905786030322488,699.9968051118205,678.7599566067489,693.4551329954023,0.0,0.0,0.0,1.0,0.0,0.0,0.0,1.0,0.0,1.0,0.0,0.0,0.0,1.0,0.0,0.0
183,550.0,0.642596473969078,2.701209818676368,699.9968051118205,675.9743824969121,693.4551329954023,0.0,0.0,0.0,0.0,1.0,0.0,0.0,1.0,0.0,0.0,1.0,0.0,0.0,0.0,1.0,0.0
184,720.0,-0.4514028653164345,-0.6125381678649934,699.9968051118205,701.603661594757,693.4551329954023,0.0,0.0,0.0,1.0,0.0,0.0,1.0,0.0,0.0,0.0,0.0,1.0,0.0,1.0,0.0,0.0
185,740.0,0.221827497320804,-0.6101731055139958,699.9968051118205,708.1551527535004,704.7764683062795,0.0,0.0,0.0,1.0,0.0,0.0,0.0,1.0,0.0,0.0,0.0,1.0,0.0,1.0,0.0,0.0
186,720.0,-0.1568645816626426,-0.7396602692311085,699.9968051118205,711.6891227103873,693.4551329954023,0.0,0.0,0.0,1.0,0.0,0.0,1.0,0.0,0.0,0.0,1.0,0.0,0.0,1.0,0.0,0.0
187,650.0,-1.2087870232833278,-1.1449728296333035,699.9968051118205,701.603661594757,693.4551329954023,0.0,0.0,0.0,1.0,0.0,0.0,1.0,0.0,0.0,1.0,0.0,0.0,0.0,1.0,0.0,0.0
188,650.0,1.5262113249304536,2.0143070221085337,699.9968051118205,701.603661594757,693.4551329954023,0.0,0.0,0.0,1.0,0.0,0.0,0.0,1.0,0.0,0.0,1.0,0.0,0.0,1.0,0.0,0.0
189,690.0,0.1797505996559766,1.0299237267042962,699.9968051118205,678.7599566067489,693.4551329954023,0.0,0.0,0.0,1.0,0.0,0.0,0.0,1.0,0.0,0.0,1.0,0.0,0.0,1.0,0.0,0.0
190,750.0,-1.4612484092722922,-0.9993736786500206,699.9968051118205,701.5941927498836,704.7764683062795,0.0,0.0,0.0,0.0,0.0,1.0,0.0,1.0,1.0,0.0,0.0,0.0,0.0,1.0,0.0,0.0
191,725.0,-0.6197104559757441,-0.4575526756761889,699.9968051118205,705.4866033866903,704.7764683062795,0.0,0.0,0.0,1.0,0.0,0.0,0.0,1.0,0.0,1.0,0.0,0.0,0.0,1.0,0.0,0.0
192,620.0,1.0633654506173522,0.2267633339452416,699.9968051118205,678.7599566067489,704.7764683062795,0.0,0.0,0.0,1.0,0.0,0.0,1.0,0.0,0.0,1.0,0.0,0.0,0.0,1.0,0.0,0.0
193,590.0,-0.3251721723219523,2.0566564198310826,699.9968051118205,678.7599566067489,693.4551329954023,0.0,0.0,0.0,1.0,0.0,0.0,0.0,1.0,0.0,1.0,0.0,0.0,0.0,1.0,0.0,0.0
194,750.0,0.8529809622932151,0.3044408505358155,699.9968051118205,708.1551527535004,704.7764683062795,0.0,0.0,0.0,0.0,1.0,0.0,0.0,1.0,1.0,0.0,0.0,0.0,0.0,1.0,0.0,0.0
195,720.0,-0.9984025349591908,-0.7925785393346774,699.9968051118205,705.4866033866903,704.7764683062795,0.0,0.0,0.0,0.0,0.0,1.0,0.0,1.0,1.0,0.0,0.0,0.0,0.0,1.0,0.0,0.0
196,700.0,0.93713475762287,1.904183806390213,699.9968051118205,701.603661594757,693.4551329954023,0.0,0.0,0.0,1.0,0.0,0.0,0.0,1.0,0.0,0.0,1.0,0.0,0.0,1.0,0.0,0.0
197,692.0,0.9792116552876974,0.2657129545382316,690.3456647384024,675.9743824969121,704.7764683062795,0.0,0.0,0.0,1.0,0.0,0.0,0.0,1.0,0.0,0.0,1.0,0.0,0.0,0.0,1.0,0.0
198,670.0,0.8109040646283877,0.2657129545382316,690.3456647384024,675.9743824969121,704.7764683062795,0.0,0.0,0.0,1.0,0.0,0.0,0.0,1.0,0.0,0.0,1.0,0.0,0.0,0.0,1.0,0.0
199,609.0,-0.1568645816626426,0.9968128537903314,690.3456647384024,678.7599566067489,704.7764683062795,0.0,0.0,0.0,1.0,0.0,0.0,0.0,1.0,0.0,1.0,0.0,0.0,0.0,1.0,0.0,0.0
200,718.0,1.1054423482821796,0.2657129545382316,690.3456647384024,675.9743824969121,704.7764683062795,0.0,0.0,0.0,1.0,0.0,0.0,0.0,1.0,0.0,0.0,1.0,0.0,0.0,0.0,1.0,0.0
201,694.0,0.8950578599580425,0.2657129545382316,690.3456647384024,675.9743824969121,704.7764683062795,0.0,0.0,0.0,1.0,0.0,0.0,0.0,1.0,0.0,0.0,1.0,0.0,0.0,0.0,1.0,0.0
202,658.0,0.7688271669635603,0.2657129545382316,690.3456647384024,675.9743824969121,704.7764683062795,0.0,0.0,0.0,1.0,0.0,0.0,0.0,1.0,0.0,0.0,1.0,0.0,0.0,0.0,1.0,0.0
203,750.0,-0.9984025349591908,-0.966632346728399,699.9968051118205,705.4866033866903,704.7764683062795,0.0,0.0,0.0,1.0,0.0,0.0,1.0,0.0,0.0,0.0,1.0,0.0,0.0,1.0,0.0,0.0
204,723.0,1.1895961436118343,0.2657129545382316,690.3456647384024,675.9743824969121,704.7764683062795,0.0,0.0,0.0,1.0,0.0,0.0,0.0,1.0,0.0,0.0,1.0,0.0,0.0,0.0,1.0,0.0
205,728.0,1.3158268366063166,0.2657129545382316,690.3456647384024,675.9743824969121,704.7764683062795,0.0,0.0,0.0,1.0,0.0,0.0,0.0,1.0,0.0,0.0,1.0,0.0,0.0,0.0,1.0,0.0
206,650.0,-1.33501771627781,-0.870551688719126,699.9968051118205,678.7599566067489,693.4551329954023,0.0,0.0,0.0,0.0,0.0,1.0,0.0,1.0,1.0,0.0,0.0,0.0,0.0,1.0,0.0,0.0
207,750.0,0.0114430089966669,0.958158865991216,699.9968051118205,708.1551527535004,693.4551329954023,0.0,0.0,0.0,1.0,0.0,0.0,1.0,0.0,0.0,0.0,1.0,0.0,0.0,1.0,0.0,0.0
208,735.0,0.0114430089966669,0.3094666080316852,699.9968051118205,711.6891227103873,693.4551329954023,0.0,0.0,0.0,1.0,0.0,0.0,0.0,1.0,0.0,0.0,0.0,1.0,0.0,1.0,0.0,0.0
209,699.0,0.7688271669635603,0.8118945412217149,699.9968051118205,705.4866033866903,693.4551329954023,0.0,0.0,0.0,0.0,1.0,0.0,0.0,1.0,0.0,0.0,1.0,0.0,0.0,1.0,0.0,0.0
210,725.0,0.3059812926504588,0.0363758146899435,699.9968051118205,711.6891227103873,693.4551329954023,0.0,0.0,0.0,1.0,0.0,0.0,0.0,1.0,0.0,0.0,0.0,1.0,0.0,1.0,0.0,0.0
211,740.0,0.7267502692987329,0.8637041883482537,699.9968051118205,678.7599566067489,704.7764683062795,0.0,0.0,0.0,1.0,0.0,0.0,0.0,1.0,0.0,0.0,0.0,1.0,0.0,0.0,1.0,0.0
212,720.0,0.5584426786394233,1.334942861784504,699.9968051118205,705.4866033866903,704.7764683062795,0.0,0.0,0.0,1.0,0.0,0.0,0.0,1.0,0.0,1.0,0.0,0.0,0.0,1.0,0.0,0.0
213,750.0,0.8109040646283877,-0.3673846735444095,699.9968051118205,693.7263434514286,704.7764683062795,0.0,0.0,0.0,1.0,0.0,0.0,0.0,1.0,0.0,0.0,0.0,1.0,0.0,1.0,0.0,0.0
214,710.0,0.2639043949856314,0.2874419648880211,699.9968051118205,711.6891227103873,693.4551329954023,0.0,0.0,0.0,1.0,0.0,0.0,0.0,1.0,0.0,0.0,0.0,1.0,0.0,1.0,0.0,0.0
215,725.0,0.0955968043263218,-0.6615393034497227,699.9968051118205,701.603661594757,693.4551329954023,0.0,0.0,0.0,1.0,0.0,0.0,0.0,1.0,0.0,0.0,1.0,0.0,0.0,1.0,0.0,0.0
216,750.0,-0.5776335583109167,-0.8143814578829356,699.9968051118205,678.7599566067489,693.4551329954023,0.0,0.0,0.0,1.0,0.0,0.0,1.0,0.0,0.0,1.0,0.0,0.0,0.0,1.0,0.0,0.0
217,750.0,0.0535199066614944,-1.0005562098255194,699.9968051118205,708.1551527535004,704.7764683062795,0.0,0.0,0.0,1.0,0.0,0.0,0.0,1.0,0.0,0.0,1.0,0.0,0.0,1.0,0.0,0.0
218,720.0,2.115287892238037,0.3487118614185499,699.9968051118205,675.9743824969121,704.7764683062795,0.0,0.0,0.0,1.0,0.0,0.0,1.0,0.0,0.0,0.0,1.0,0.0,0.0,1.0,0.0,0.0
219,720.0,-0.4934797629812619,-0.9717320124227374,699.9968051118205,678.7599566067489,693.4551329954023,0.0,0.0,0.0,1.0,0.0,0.0,1.0,0.0,0.0,0.0,1.0,0.0,0.0,1.0,0.0,0.0
220,700.0,-0.1147876839978152,-0.612612076063462,699.9968051118205,711.6891227103873,693.4551329954023,0.0,0.0,0.0,1.0,0.0,0.0,1.0,0.0,0.0,0.0,1.0,0.0,0.0,1.0,0.0,0.0
221,750.0,0.642596473969078,0.5526245809936149,699.9968051118205,708.1551527535004,693.4551329954023,0.0,0.0,1.0,0.0,0.0,0.0,0.0,1.0,0.0,0.0,1.0,0.0,0.0,0.0,1.0,0.0
222,610.0,-1.4191715116074648,-0.8392885207668779,699.9968051118205,701.603661594757,704.7764683062795,0.0,0.0,0.0,0.0,0.0,1.0,1.0,0.0,1.0,0.0,0.0,0.0,0.0,1.0,0.0,0.0
223,740.0,-0.3251721723219523,0.0610611529784798,699.9968051118205,711.6891227103873,693.4551329954023,0.0,0.0,0.0,1.0,0.0,0.0,1.0,0.0,0.0,0.0,1.0,0.0,0.0,1.0,0.0,0.0
224,715.0,0.0955968043263218,0.7286739097459907,699.9968051118205,678.7599566067489,704.7764683062795,0.0,0.0,0.0,1.0,0.0,0.0,0.0,1.0,0.0,0.0,1.0,0.0,0.0,1.0,0.0,0.0
225,550.0,-0.1147876839978152,1.982378680370068,699.9968051118205,678.7599566067489,693.4551329954023,0.0,0.0,0.0,1.0,0.0,0.0,1.0,0.0,0.0,0.0,1.0,0.0,0.0,1.0,0.0,0.0
226,710.0,-0.9984025349591908,-1.1369907441986873,699.9968051118205,678.7599566067489,693.4551329954023,0.0,0.0,0.0,1.0,0.0,0.0,0.0,1.0,0.0,1.0,0.0,0.0,0.0,1.0,0.0,0.0
227,730.0,-0.3672490699867796,-0.6360409749780309,699.9968051118205,705.4866033866903,693.4551329954023,0.0,0.0,0.0,1.0,0.0,0.0,0.0,1.0,0.0,0.0,1.0,0.0,0.0,1.0,0.0,0.0
228,750.0,-1.545402204601947,-1.1331475178783164,699.9968051118205,701.631035140754,704.7764683062795,0.0,0.0,0.0,0.0,0.0,1.0,0.0,1.0,1.0,0.0,0.0,0.0,0.0,1.0,0.0,0.0
229,690.0,-1.124633227953673,-0.8474923307969005,699.9968051118205,701.603661594757,704.7764683062795,0.0,0.0,0.0,1.0,0.0,0.0,1.0,0.0,0.0,1.0,0.0,0.0,0.0,1.0,0.0,0.0
230,740.0,0.5584426786394233,0.3798272129738606,699.9968051118205,711.6891227103873,704.7764683062795,0.0,0.0,0.0,1.0,0.0,0.0,0.0,1.0,0.0,0.0,0.0,1.0,0.0,1.0,0.0,0.0
231,750.0,0.2639043949856314,-0.8182985924017752,699.9968051118205,678.7599566067489,704.7764683062795,0.0,0.0,1.0,0.0,0.0,0.0,0.0,1.0,0.0,1.0,0.0,0.0,0.0,1.0,0.0,0.0
232,720.0,-0.6617873536405715,-0.6299065945051312,699.9968051118205,705.4866033866903,693.4551329954023,0.0,0.0,0.0,1.0,0.0,0.0,1.0,0.0,0.0,0.0,0.0,1.0,0.0,1.0,0.0,0.0
233,740.0,-0.7880180466350537,-0.8803814791154593,699.9968051118205,705.4866033866903,693.4551329954023,0.0,0.0,0.0,1.0,0.0,0.0,0.0,1.0,0.0,0.0,1.0,0.0,0.0,1.0,0.0,0.0
234,740.0,-0.1147876839978152,-0.9650063663620884,699.9968051118205,708.1551527535004,704.7764683062795,0.0,0.0,0.0,1.0,0.0,0.0,0.0,1.0,0.0,1.0,0.0,0.0,0.0,1.0,0.0,0.0
235,740.0,0.0955968043263218,0.7532114316375896,699.9968051118205,708.1551527535004,704.7764683062795,0.0,0.0,0.0,1.0,0.0,0.0,0.0,1.0,0.0,0.0,1.0,0.0,0.0,1.0,0.0,0.0
236,700.0,0.6005195763042507,-0.4987934504217077,699.9968051118205,711.6891227103873,693.4551329954023,0.0,0.0,0.0,1.0,0.0,0.0,1.0,0.0,0.0,0.0,1.0,0.0,0.0,1.0,0.0,0.0
237,730.0,-1.040479432624018,-1.1780097943488,699.9968051118205,705.4866033866903,704.7764683062795,0.0,0.0,0.0,1.0,0.0,0.0,1.0,0.0,0.0,1.0,0.0,0.0,0.0,1.0,0.0,0.0
238,700.0,-1.33501771627781,-0.5172705000388756,699.9968051118205,701.603661594757,704.7764683062795,0.0,0.0,0.0,0.0,0.0,1.0,0.0,1.0,1.0,0.0,0.0,0.0,0.0,1.0,0.0,0.0
239,750.0,2.07321099457321,0.5732449683663743,699.9968051118205,701.603661594757,704.7764683062795,0.0,0.0,0.0,1.0,0.0,0.0,0.0,1.0,0.0,0.0,1.0,0.0,0.0,0.0,1.0,0.0
240,749.0,-0.914248739629536,-0.7533332859478128,699.9968051118205,705.4866033866903,704.7764683062795,0.0,0.0,0.0,1.0,0.0,0.0,0.0,1.0,0.0,1.0,0.0,0.0,0.0,1.0,0.0,0.0
241,700.0,-1.2508639209481551,-1.055987358677023,699.9968051118205,678.7599566067489,704.7764683062795,0.0,0.0,0.0,0.0,0.0,1.0,1.0,0.0,1.0,0.0,0.0,0.0,0.0,1.0,0.0,0.0
242,667.0,0.432211985644941,0.331565159373818,699.9968051118205,701.631035140754,704.7764683062795,0.0,0.0,0.0,1.0,0.0,0.0,0.0,1.0,0.0,1.0,0.0,0.0,0.0,1.0,0.0,0.0
243,725.0,-0.6197104559757441,-0.4656825775077428,699.9968051118205,708.1551527535004,704.7764683062795,0.0,0.0,0.0,1.0,0.0,0.0,1.0,0.0,0.0,1.0,0.0,0.0,0.0,1.0,0.0,0.0
244,550.0,0.432211985644941,2.283480680931436,699.9968051118205,701.603661594757,693.4551329954023,0.0,0.0,0.0,0.0,1.0,0.0,0.0,1.0,0.0,0.0,0.0,1.0,0.0,1.0,0.0,0.0
245,695.0,-0.19894147932747,0.2266155175483043,699.9968051118205,711.6891227103873,693.4551329954023,0.0,0.0,0.0,1.0,0.0,0.0,0.0,1.0,0.0,0.0,0.0,1.0,0.0,1.0,0.0,0.0
246,750.0,1.9049034039139003,0.8951151726974392,699.9968051118205,708.1551527535004,693.4551329954023,0.0,0.0,0.0,1.0,0.0,0.0,0.0,1.0,0.0,0.0,0.0,1.0,0.0,1.0,0.0,0.0
247,699.0,-0.3251721723219523,-0.7100230816451713,699.9968051118205,701.603661594757,704.7764683062795,0.0,0.0,0.0,1.0,0.0,0.0,0.0,1.0,0.0,1.0,0.0,0.0,0.0,1.0,0.0,0.0
248,750.0,-1.1667101256185004,-0.8641955836508202,699.9968051118205,704.1712573077162,704.7764683062795,0.0,0.0,0.0,0.0,0.0,1.0,0.0,1.0,1.0,0.0,0.0,0.0,0.0,1.0,0.0,0.0
249,730.0,0.8529809622932151,1.4098118668332684,699.9968051118205,711.6891227103873,693.4551329954023,0.0,0.0,0.0,1.0,0.0,0.0,0.0,1.0,0.0,0.0,0.0,1.0,0.0,1.0,0.0,0.0
250,710.0,-1.2508639209481551,-1.148742147755206,699.9968051118205,678.7599566067489,693.4551329954023,0.0,0.0,0.0,1.0,0.0,0.0,0.0,1.0,0.0,1.0,0.0,0.0,0.0,1.0,0.0,0.0
251,650.0,-0.0727107863329878,-0.7963478574565797,699.9968051118205,711.6891227103873,704.7764683062795,0.0,0.0,0.0,1.0,0.0,0.0,0.0,1.0,0.0,1.0,0.0,0.0,0.0,1.0,0.0,0.0
252,600.0,0.0114430089966669,0.5230613016061462,689.186278406217,675.9743824969121,680.5601837397412,0.0,1.0,0.0,0.0,0.0,0.0,1.0,0.0,0.0,0.0,1.0,0.0,0.0,0.0,1.0,0.0
253,740.0,-0.7880180466350537,-0.616455302383833,699.9968051118205,701.603661594757,693.4551329954023,0.0,0.0,0.0,1.0,0.0,0.0,0.0,1.0,0.0,0.0,1.0,0.0,0.0,1.0,0.0,0.0
254,750.0,-1.040479432624018,-1.14016879673284,699.9968051118205,711.6891227103873,693.4551329954023,0.0,0.0,0.0,0.0,0.0,1.0,0.0,1.0,1.0,0.0,0.0,0.0,0.0,1.0,0.0,0.0
255,750.0,0.6005195763042507,0.9272652390313112,699.9968051118205,705.4866033866903,704.7764683062795,0.0,0.0,0.0,1.0,0.0,0.0,0.0,1.0,0.0,0.0,0.0,1.0,0.0,1.0,0.0,0.0
256,710.0,0.3901350879801136,0.8677691392640307,699.9968051118205,701.5941927498836,704.7764683062795,0.0,0.0,0.0,1.0,0.0,0.0,0.0,1.0,0.0,0.0,0.0,1.0,0.0,1.0,0.0,0.0
257,560.0,-0.5776335583109167,-0.9543635857825996,699.9968051118205,678.7599566067489,693.4551329954023,0.0,0.0,0.0,0.0,0.0,1.0,0.0,1.0,1.0,0.0,0.0,0.0,0.0,1.0,0.0,0.0
258,600.0,-0.7459411489702263,0.1630544668652467,699.9968051118205,678.7599566067489,693.4551329954023,0.0,0.0,0.0,1.0,0.0,0.0,0.0,1.0,0.0,1.0,0.0,0.0,0.0,1.0,0.0,0.0
259,720.0,-0.6617873536405715,-0.968923500880928,699.9968051118205,700.2680030768264,693.4551329954023,0.0,0.0,0.0,1.0,0.0,0.0,0.0,1.0,0.0,1.0,0.0,0.0,0.0,1.0,0.0,0.0
260,750.0,0.0114430089966669,-1.042683882952662,699.9968051118205,675.9743824969121,693.4551329954023,0.0,0.0,0.0,1.0,0.0,0.0,0.0,1.0,0.0,0.0,1.0,0.0,0.0,1.0,0.0,0.0
261,750.0,-0.7459411489702263,-1.0300455810145193,699.9968051118205,711.6891227103873,704.7764683062795,0.0,0.0,0.0,1.0,0.0,0.0,1.0,0.0,0.0,1.0,0.0,0.0,0.0,1.0,0.0,0.0
262,750.0,1.2737499389414892,-0.6999715666534319,699.9968051118205,711.6891227103873,704.7764683062795,0.0,0.0,0.0,0.0,0.0,1.0,0.0,1.0,1.0,0.0,0.0,0.0,0.0,1.0,0.0,0.0
263,650.0,-0.6197104559757441,-0.9528115136147576,699.9968051118205,678.7599566067489,704.7764683062795,0.0,0.0,0.0,0.0,0.0,1.0,1.0,0.0,1.0,0.0,0.0,0.0,0.0,1.0,0.0,0.0
264,650.0,-0.0306338886681604,0.291063466612986,699.9968051118205,705.4866033866903,704.7764683062795,0.0,0.0,0.0,1.0,0.0,0.0,0.0,1.0,0.0,1.0,0.0,0.0,0.0,1.0,0.0,0.0
265,670.0,0.642596473969078,0.7654801925833892,699.9968051118205,701.603661594757,704.7764683062795,0.0,0.0,0.0,1.0,0.0,0.0,0.0,1.0,0.0,0.0,1.0,0.0,0.0,1.0,0.0,0.0
266,650.0,-0.6197104559757441,-0.3189748035474296,690.3456647384024,705.4866033866903,704.7764683062795,0.0,0.0,0.0,1.0,0.0,0.0,0.0,1.0,0.0,1.0,0.0,0.0,0.0,1.0,0.0,0.0
267,750.0,-1.1667101256185004,-0.8395841535607526,699.9968051118205,705.4866033866903,704.7764683062795,0.0,0.0,0.0,1.0,0.0,0.0,0.0,1.0,0.0,1.0,0.0,0.0,0.0,1.0,0.0,0.0
268,725.0,-0.409325967651607,-0.8229548089053015,685.8023896188589,675.9743824969121,680.5601837397412,0.0,0.0,0.0,1.0,0.0,0.0,0.0,1.0,0.0,1.0,0.0,0.0,0.0,1.0,0.0,0.0
269,620.0,-1.6716328975964292,-1.094271805483795,699.9968051118205,708.1551527535004,704.7764683062795,0.0,0.0,0.0,0.0,0.0,1.0,1.0,0.0,1.0,0.0,0.0,0.0,0.0,1.0,0.0,0.0
270,680.0,-1.040479432624018,-0.9896917046506246,699.9968051118205,678.7599566067489,693.4551329954023,0.0,0.0,0.0,1.0,0.0,0.0,0.0,1.0,0.0,1.0,0.0,0.0,0.0,1.0,0.0,0.0
271,750.0,1.147519245947007,-0.3089232885556903,699.9968051118205,678.7599566067489,704.7764683062795,0.0,0.0,0.0,1.0,0.0,0.0,0.0,1.0,0.0,0.0,0.0,1.0,0.0,1.0,0.0,0.0
272,670.0,-0.2830952746571248,-0.3189748035474296,690.3456647384024,708.1551527535004,704.7764683062795,0.0,0.0,0.0,1.0,0.0,0.0,0.0,1.0,0.0,1.0,0.0,0.0,0.0,1.0,0.0,0.0
273,600.0,0.642596473969078,0.8911241299801309,685.8023896188589,675.9743824969121,680.5601837397412,0.0,0.0,0.0,1.0,0.0,0.0,0.0,1.0,0.0,0.0,0.0,1.0,0.0,1.0,0.0,0.0
274,750.0,0.432211985644941,-0.3019020097011665,699.9968051118205,711.6891227103873,693.4551329954023,0.0,0.0,0.0,1.0,0.0,0.0,0.0,1.0,0.0,0.0,1.0,0.0,0.0,1.0,0.0,0.0
275,700.0,-0.9984025349591908,-0.5302044347708932,699.9968051118205,701.603661594757,693.4551329954023,0.0,0.0,0.0,1.0,0.0,0.0,0.0,1.0,0.0,0.0,1.0,0.0,0.0,1.0,0.0,0.0
276,695.0,-0.0727107863329878,-0.8159335300507776,699.9968051118205,708.1551527535004,704.7764683062795,0.0,0.0,0.0,1.0,0.0,0.0,1.0,0.0,0.0,1.0,0.0,0.0,0.0,1.0,0.0,0.0
277,710.0,0.2639043949856314,0.614485743111893,699.9968051118205,705.4866033866903,704.7764683062795,0.0,0.0,0.0,1.0,0.0,0.0,0.0,1.0,0.0,1.0,0.0,0.0,0.0,1.0,0.0,0.0
278,620.0,0.8529809622932151,2.4080159953511475,699.9968051118205,705.4866033866903,693.4551329954023,0.0,0.0,0.0,1.0,0.0,0.0,0.0,1.0,0.0,0.0,1.0,0.0,0.0,1.0,0.0,0.0
279,700.0,0.8529809622932151,1.78918264957296,699.9968051118205,708.1551527535004,693.4551329954023,0.0,0.0,0.0,1.0,0.0,0.0,0.0,1.0,0.0,0.0,0.0,1.0,0.0,1.0,0.0,0.0
280,715.0,1.231673041276662,1.6715947058093032,699.9968051118205,678.7599566067489,693.4551329954023,0.0,0.0,0.0,1.0,0.0,0.0,0.0,1.0,0.0,0.0,0.0,1.0,0.0,1.0,0.0,0.0
281,750.0,-0.409325967651607,-0.4061864777404621,699.9968051118205,708.1551527535004,704.7764683062795,0.0,0.0,0.0,1.0,0.0,0.0,0.0,1.0,0.0,1.0,0.0,0.0,0.0,1.0,0.0,0.0
282,750.0,-0.6197104559757441,-0.6114295448879633,699.9968051118205,705.4866033866903,704.7764683062795,0.0,0.0,0.0,1.0,0.0,0.0,0.0,1.0,0.0,1.0,0.0,0.0,0.0,1.0,0.0,0.0
283,550.0,-1.4612484092722922,-0.8905069023056673,699.9968051118205,678.7599566067489,693.4551329954023,0.0,0.0,0.0,0.0,0.0,1.0,1.0,0.0,1.0,0.0,0.0,0.0,0.0,1.0,0.0,0.0
284,730.0,0.0114430089966669,0.8206896168394868,699.9968051118205,675.9743824969121,693.4551329954023,0.0,0.0,0.0,1.0,0.0,0.0,0.0,1.0,0.0,1.0,0.0,0.0,0.0,1.0,0.0,0.0
285,750.0,-0.5776335583109167,-0.9467510413403264,699.9968051118205,711.6891227103873,704.7764683062795,0.0,0.0,0.0,0.0,1.0,0.0,0.0,1.0,0.0,0.0,1.0,0.0,0.0,1.0,0.0,0.0
286,700.0,-0.6197104559757441,-0.2078168730505475,699.9968051118205,678.7599566067489,693.4551329954023,0.0,0.0,0.0,1.0,0.0,0.0,0.0,1.0,0.0,1.0,0.0,0.0,0.0,1.0,0.0,0.0
287,680.0,1.0633654506173522,-0.2509792609562517,689.186278406217,678.7599566067489,704.7764683062795,0.0,0.0,0.0,1.0,0.0,0.0,0.0,1.0,0.0,0.0,1.0,0.0,0.0,1.0,0.0,0.0
288,600.0,-1.33501771627781,-0.9076536043503992,699.9968051118205,711.6891227103873,693.4551329954023,0.0,0.0,0.0,1.0,0.0,0.0,1.0,0.0,0.0,1.0,0.0,0.0,0.0,1.0,0.0,0.0
289,750.0,0.8529809622932151,1.0566045863514868,699.9968051118205,708.1551527535004,693.4551329954023,0.0,0.0,0.0,1.0,0.0,0.0,0.0,1.0,0.0,0.0,1.0,0.0,0.0,1.0,0.0,0.0
290,700.0,0.0955968043263218,-0.2704171171535123,699.9968051118205,705.4866033866903,704.7764683062795,0.0,0.0,0.0,1.0,0.0,0.0,0.0,1.0,0.0,1.0,0.0,0.0,0.0,1.0,0.0,0.0
291,690.0,0.7267502692987329,-0.6959066157376549,699.9968051118205,678.7599566067489,704.7764683062795,0.0,0.0,0.0,1.0,0.0,0.0,0.0,1.0,0.0,0.0,1.0,0.0,0.0,1.0,0.0,0.0
292,700.0,-0.409325967651607,-0.6544441163967302,699.9968051118205,678.7599566067489,693.4551329954023,0.0,0.0,0.0,1.0,0.0,0.0,0.0,1.0,0.0,1.0,0.0,0.0,0.0,1.0,0.0,0.0
293,750.0,1.147519245947007,-0.216242407675976,699.9968051118205,701.5941927498836,704.7764683062795,0.0,0.0,0.0,1.0,0.0,0.0,0.0,1.0,0.0,0.0,1.0,0.0,0.0,1.0,0.0,0.0
294,735.0,-0.3672490699867796,-0.1977653580588081,699.9968051118205,711.6891227103873,704.7764683062795,0.0,0.0,0.0,1.0,0.0,0.0,0.0,1.0,0.0,1.0,0.0,0.0,0.0,1.0,0.0,0.0
295,700.0,0.8529809622932151,0.0796860189925851,699.9968051118205,701.5941927498836,704.7764683062795,0.0,0.0,0.0,1.0,0.0,0.0,0.0,1.0,0.0,0.0,0.0,1.0,0.0,1.0,0.0,0.0
296,725.0,0.642596473969078,-0.0333935246644824,699.9968051118205,675.9743824969121,693.4551329954023,0.0,0.0,0.0,1.0,0.0,0.0,0.0,1.0,0.0,0.0,0.0,1.0,0.0,1.0,0.0,0.0
297,733.0,0.3648889493812174,0.8752338673093665,699.9968051118205,705.4866033866903,704.7764683062795,0.0,0.0,0.0,1.0,0.0,0.0,0.0,1.0,0.0,0.0,1.0,0.0,0.0,1.0,0.0,0.0
298,750.0,-0.9984025349591908,-0.9210309882732288,699.9968051118205,678.7599566067489,704.7764683062795,0.0,0.0,0.0,1.0,0.0,0.0,0.0,1.0,0.0,1.0,0.0,0.0,0.0,1.0,0.0,0.0
299,675.0,0.3901350879801136,-0.8161552546461837,699.9968051118205,678.7599566067489,693.4551329954023,0.0,0.0,0.0,1.0,0.0,0.0,0.0,1.0,0.0,0.0,1.0,0.0,0.0,1.0,0.0,0.0
300,650.0,1.0633654506173522,1.9487504500668216,699.9968051118205,705.4866033866903,693.4551329954023,0.0,0.0,0.0,1.0,0.0,0.0,0.0,1.0,0.0,0.0,1.0,0.0,0.0,1.0,0.0,0.0
301,730.0,-0.3251721723219523,-0.7996737263876699,699.9968051118205,678.7599566067489,704.7764683062795,0.0,0.0,0.0,1.0,0.0,0.0,0.0,1.0,0.0,1.0,0.0,0.0,0.0,1.0,0.0,0.0
302,700.0,1.568288222595281,0.584331198136675,699.9968051118205,678.7599566067489,704.7764683062795,0.0,0.0,0.0,1.0,0.0,0.0,0.0,1.0,0.0,1.0,0.0,0.0,0.0,1.0,0.0,0.0
303,690.0,-0.914248739629536,-0.8056602904636323,699.9968051118205,705.4866033866903,704.7764683062795,0.0,0.0,0.0,0.0,0.0,1.0,1.0,0.0,1.0,0.0,0.0,0.0,0.0,1.0,0.0,0.0
304,700.0,0.432211985644941,1.956141269913689,699.9968051118205,708.1551527535004,693.4551329954023,0.0,0.0,0.0,1.0,0.0,0.0,0.0,1.0,0.0,0.0,1.0,0.0,0.0,1.0,0.0,0.0
305,600.0,1.231673041276662,2.0528131935107115,699.9968051118205,705.4866033866903,693.4551329954023,0.0,0.0,1.0,0.0,0.0,0.0,0.0,1.0,0.0,0.0,1.0,0.0,0.0,0.0,1.0,0.0
306,700.0,-1.4612484092722922,-1.1831094600431382,699.9968051118205,678.7599566067489,693.4551329954023,0.0,0.0,0.0,0.0,0.0,1.0,1.0,0.0,1.0,0.0,0.0,0.0,0.0,1.0,0.0,0.0
307,690.0,0.0114430089966669,0.9095272713988302,699.9968051118205,678.7599566067489,693.4551329954023,0.0,0.0,0.0,1.0,0.0,0.0,0.0,1.0,0.0,0.0,1.0,0.0,0.0,1.0,0.0,0.0
308,750.0,2.283595482897347,0.8425664435862137,699.9968051118205,708.1551527535004,693.4551329954023,0.0,0.0,1.0,0.0,0.0,0.0,0.0,1.0,0.0,0.0,0.0,1.0,0.0,0.0,0.0,1.0
309,700.0,-0.3672490699867796,-0.608103675956873,699.9968051118205,678.7599566067489,693.4551329954023,0.0,0.0,0.0,0.0,0.0,1.0,0.0,1.0,1.0,0.0,0.0,0.0,0.0,1.0,0.0,0.0
310,670.0,0.0535199066614944,1.3626584362102558,699.9968051118205,678.7599566067489,704.7764683062795,0.0,0.0,0.0,1.0,0.0,0.0,0.0,1.0,0.0,1.0,0.0,0.0,0.0,1.0,0.0,0.0
311,750.0,0.8529809622932151,0.6198071334016374,699.9968051118205,711.6891227103873,704.7764683062795,0.0,0.0,0.0,1.0,0.0,0.0,0.0,1.0,0.0,0.0,1.0,0.0,0.0,1.0,0.0,0.0
312,740.0,-1.124633227953673,-0.619115997528705,699.9968051118205,678.7599566067489,704.7764683062795,0.0,0.0,0.0,0.0,0.0,1.0,0.0,1.0,1.0,0.0,0.0,0.0,0.0,1.0,0.0,0.0
313,750.0,2.115287892238037,0.8334757351745671,699.9968051118205,708.1551527535004,693.4551329954023,0.0,0.0,0.0,1.0,0.0,0.0,0.0,1.0,0.0,0.0,0.0,0.0,1.0,0.0,1.0,0.0
314,750.0,0.0955968043263218,-0.812681569318156,699.9968051118205,701.603661594757,693.4551329954023,0.0,0.0,0.0,1.0,0.0,0.0,0.0,1.0,0.0,0.0,1.0,0.0,0.0,1.0,0.0,0.0
315,750.0,0.432211985644941,-0.031471911504297,699.9968051118205,678.7599566067489,704.7764683062795,0.0,0.0,0.0,0.0,0.0,1.0,0.0,1.0,1.0,0.0,0.0,0.0,0.0,1.0,0.0,0.0
316,650.0,-1.33501771627781,-0.8351496616526323,699.9968051118205,678.7599566067489,693.4551329954023,0.0,0.0,0.0,0.0,0.0,1.0,0.0,1.0,1.0,0.0,0.0,0.0,0.0,1.0,0.0,0.0
317,625.0,-0.3672490699867796,0.614264018516487,699.9968051118205,705.4866033866903,704.7764683062795,0.0,0.0,0.0,1.0,0.0,0.0,0.0,1.0,0.0,1.0,0.0,0.0,0.0,1.0,0.0,0.0
318,700.0,-1.040479432624018,-1.0667040474549805,699.9968051118205,678.7599566067489,704.7764683062795,0.0,0.0,0.0,1.0,0.0,0.0,0.0,1.0,0.0,1.0,0.0,0.0,0.0,1.0,0.0,0.0
319,750.0,1.4841344272656265,1.0391622515128802,699.9968051118205,708.1551527535004,693.4551329954023,0.0,0.0,0.0,1.0,0.0,0.0,0.0,1.0,0.0,0.0,1.0,0.0,0.0,0.0,1.0,0.0
320,600.0,-1.4612484092722922,-0.952441972622414,699.9968051118205,678.7599566067489,693.4551329954023,0.0,0.0,0.0,0.0,0.0,1.0,1.0,0.0,1.0,0.0,0.0,0.0,0.0,1.0,0.0,0.0
321,750.0,1.231673041276662,-0.2823902453054371,699.9968051118205,705.4866033866903,704.7764683062795,0.0,0.0,0.0,1.0,0.0,0.0,0.0,1.0,0.0,0.0,1.0,0.0,0.0,0.0,1.0,0.0
322,700.0,-0.19894147932747,1.1311779586063764,699.9968051118205,708.1551527535004,704.7764683062795,0.0,0.0,0.0,1.0,0.0,0.0,0.0,1.0,0.0,1.0,0.0,0.0,0.0,1.0,0.0,0.0
323,750.0,1.2737499389414892,0.8896459660107575,699.9968051118205,705.4866033866903,704.7764683062795,0.0,0.0,0.0,1.0,0.0,0.0,0.0,1.0,0.0,0.0,0.0,1.0,0.0,0.0,1.0,0.0
324,750.0,-0.4934797629812619,-0.7292392132470258,699.9968051118205,705.4866033866903,704.7764683062795,0.0,0.0,0.0,1.0,0.0,0.0,0.0,1.0,0.0,0.0,1.0,0.0,0.0,1.0,0.0,0.0
325,625.0,-0.1147876839978152,1.99169111337712,699.9968051118205,678.7599566067489,693.4551329954023,0.0,0.0,0.0,1.0,0.0,0.0,0.0,1.0,0.0,0.0,1.0,0.0,0.0,1.0,0.0,0.0
326,750.0,-0.5776335583109167,-0.042262508480723,699.9968051118205,708.1551527535004,693.4551329954023,0.0,0.0,0.0,1.0,0.0,0.0,0.0,1.0,0.0,1.0,0.0,0.0,0.0,1.0,0.0,0.0
327,695.0,-0.0306338886681604,-0.5989390593467577,699.9968051118205,711.6891227103873,704.7764683062795,0.0,0.0,0.0,1.0,0.0,0.0,0.0,1.0,0.0,1.0,0.0,0.0,0.0,1.0,0.0,0.0
328,720.0,-0.0727107863329878,-0.2400408475828883,699.9968051118205,678.7599566067489,693.4551329954023,0.0,0.0,0.0,1.0,0.0,0.0,0.0,1.0,0.0,0.0,1.0,0.0,0.0,1.0,0.0,0.0
329,745.0,0.5584426786394233,0.8943760907127525,699.9968051118205,705.4866033866903,704.7764683062795,0.0,0.0,0.0,1.0,0.0,0.0,0.0,1.0,0.0,0.0,1.0,0.0,0.0,1.0,0.0,0.0
330,720.0,0.4153812265790098,0.8813682477822663,699.9968051118205,705.4866033866903,704.7764683062795,0.0,0.0,0.0,1.0,0.0,0.0,0.0,1.0,0.0,0.0,1.0,0.0,0.0,1.0,0.0,0.0
331,750.0,-0.19894147932747,-0.6826770482117627,699.9968051118205,708.1551527535004,693.4551329954023,0.0,0.0,0.0,1.0,0.0,0.0,0.0,1.0,0.0,0.0,1.0,0.0,0.0,1.0,0.0,0.0
332,720.0,-0.4934797629812619,-0.8049212084789455,699.9968051118205,708.1551527535004,704.7764683062795,0.0,0.0,0.0,0.0,0.0,1.0,0.0,1.0,1.0,0.0,0.0,0.0,0.0,1.0,0.0,0.0
333,725.0,-0.6617873536405715,-1.1499246789307047,699.9968051118205,701.631035140754,704.7764683062795,0.0,0.0,0.0,0.0,0.0,1.0,1.0,0.0,1.0,0.0,0.0,0.0,0.0,1.0,0.0,0.0
334,750.0,0.8529809622932151,-0.642101447252462,699.9968051118205,701.5941927498836,704.7764683062795,0.0,0.0,0.0,1.0,0.0,0.0,1.0,0.0,0.0,0.0,1.0,0.0,0.0,1.0,0.0,0.0
335,550.0,1.1054423482821796,2.272616175756541,699.9968051118205,708.1551527535004,704.7764683062795,0.0,0.0,0.0,1.0,0.0,0.0,0.0,1.0,0.0,0.0,1.0,0.0,0.0,1.0,0.0,0.0
336,640.0,0.3901350879801136,0.9321431801302436,699.9968051118205,705.4866033866903,704.7764683062795,0.0,0.0,0.0,1.0,0.0,0.0,0.0,1.0,0.0,0.0,1.0,0.0,0.0,1.0,0.0,0.0
337,700.0,-0.2410183769922974,-0.3727060638341539,699.9968051118205,708.1551527535004,704.7764683062795,0.0,0.0,0.0,1.0,0.0,0.0,0.0,1.0,0.0,1.0,0.0,0.0,0.0,1.0,0.0,0.0
338,700.0,-0.0306338886681604,-0.6777251989143617,699.9968051118205,701.2436189227584,704.7764683062795,0.0,0.0,0.0,1.0,0.0,0.0,0.0,1.0,0.0,1.0,0.0,0.0,0.0,1.0,0.0,0.0
339,700.0,0.642596473969078,1.0095989721254115,699.9968051118205,708.1551527535004,693.4551329954023,0.0,0.0,0.0,1.0,0.0,0.0,0.0,1.0,0.0,0.0,1.0,0.0,0.0,1.0,0.0,0.0
340,695.0,0.0955968043263218,-0.1135839200029911,699.9968051118205,701.603661594757,693.4551329954023,0.0,0.0,0.0,1.0,0.0,0.0,1.0,0.0,0.0,0.0,1.0,0.0,0.0,1.0,0.0,0.0
