Customer Name,facturas_total,descuento_medio,compras_total,compras_media,beneficio_total,costo_envio_medio,cluster_ward
Aaron Smayling,60,0.16766666666666669,14212.6284,236.87714,369.1617999999999,22.876166666666666,1
Adam Shillingsburg,71,0.16340845070422536,15444.67672,217.530658028169,1421.27412,24.31014084507042,1
Adrian Hane,54,0.12785185185185186,11405.91788,211.22070148148148,2081.37928,18.234444444444446,1
Adrian Shami,44,0.15863636363636366,11286.0542,256.50123181818185,1564.4938,21.205,1
Aimee Bixby,55,0.10730909090909091,16201.1746,294.5668109090909,2926.3543,33.63709090909091,1
Alan Barnes,60,0.08916666666666666,13049.041,217.48401666666666,2436.066,18.647499999999997,1
Alan Haines,77,0.1844935064935065,15279.75678,198.43839974025974,-592.24612,19.05038961038961,1
Alan Shonely,63,0.12742857142857145,10693.17636,169.73295809523808,1175.45416,16.30174603174603,1
Alejandro Ballentine,68,0.11529411764705882,15466.2184,227.44438823529413,758.6139,27.185147058823528,1
Alejandro Grove,67,0.04901492537313432,13417.21022,200.2568689552239,2602.57212,22.777313432835818,1
Aleksandra Gannaway,58,0.16758620689655174,14717.1862,253.7445896551724,773.1465999999999,22.24586206896552,1
Alex Avila,50,0.12300000000000001,15990.669,319.81338,983.2564999999998,29.039,1
Alex Grayson,77,0.2132987012987013,15067.05118,195.67598935064936,1006.97208,25.884285714285713,1
Alex Russell,64,0.1446875,16466.8682,257.294815625,2290.6598,28.58265625,1
Allen Armold,55,0.16181818181818183,6538.687,118.88521818181817,754.9194,18.593090909090908,1
Allen Goldenen,53,0.2038490566037736,8926.1216,168.41738867924528,447.265,17.481509433962263,1
Allen Rosenblatt,50,0.19044,9527.93078,190.55861560000002,-552.28182,18.5564,1
Alyssa Crouse,61,0.13590163934426228,12297.3697,201.59622459016393,444.03550000000007,14.260327868852459,1
Alyssa Tate,65,0.1789230769230769,14942.2985,229.8815153846154,2795.5313,20.968,1
Amy Hunt,39,0.09087179487179488,9198.65668,235.8629917948718,718.33498,25.056410256410256,1
Andrew Gjertsen,78,0.16694871794871796,16384.302059999998,210.0551546153846,2642.21386,20.7575641025641,1
Andy Gerbode,44,0.19431818181818183,11339.639,257.71906818181816,169.38969999999992,27.662727272727274,1
Andy Reiter,35,0.11857142857142858,8545.5505,244.1585857142857,3139.0833,28.71657142857143,1
Andy Yotov,50,0.07203999999999999,8543.03044,170.86060880000002,2290.97634,17.008599999999998,1
Anemone Ratner,50,0.12564,11489.92732,229.79854640000002,1994.65032,27.3546,1
Angele Hood,49,0.1893877551020408,11358.1131,231.79822653061225,1610.0721,31.46714285714286,1
Ann Chong,83,0.11665060240963857,15028.15648,181.06212626506024,880.1277800000001,18.55457831325301,1
Ann Steele,55,0.24618181818181817,11815.9495,214.83544545454546,2091.0534,13.435272727272729,1
Anna Chung,43,0.18353488372093024,8931.70908,207.7141646511628,-272.1273200000001,21.892325581395347,1
Anna Gayman,77,0.2158961038961039,15391.967,199.89567532467532,923.0617,26.01116883116883,1
Anne Pryor,63,0.12733333333333333,16361.7603,259.710480952381,2992.7651,28.873809523809523,1
Annie Thurman,55,0.0710909090909091,13387.7549,243.41372545454544,2659.7779,23.871636363636366,1
Annie Zypern,68,0.1860294117647059,11871.078,174.57467647058823,924.3602999999999,14.253382352941177,1
Anthony Garverick,58,0.21055172413793102,11684.3115,201.45364655172415,175.3065,18.603793103448275,1
Anthony Johnson,77,0.08506493506493507,12282.657,159.51502597402597,2478.5824000000002,14.992597402597404,1
Anthony O'Donnell,60,0.1285,15022.8036,250.38006,1093.0996000000002,18.887,1
Anthony Witt,78,0.1654102564102564,15147.25552,194.1955835897436,1216.41202,21.732564102564105,1
Arianne Irving,50,0.09880000000000001,9278.5763,185.571526,1538.1774,18.5928,1
Arthur Wiediger,49,0.16881632653061224,11013.01356,224.7553787755102,2680.96696,17.653673469387755,1
Ashley Jarboe,56,0.12589285714285714,15947.948,284.7847857142857,3006.7032,20.457857142857144,1
Astrea Jones,60,0.15653333333333333,13262.74948,221.04582466666668,2531.3579799999998,24.063333333333333,1
Barbara Fisher,62,0.1288709677419355,9835.011199999999,158.62921290322578,1833.7316,20.40225806451613,1
Barry Blumstein,62,0.18564516129032257,9886.8207,159.46485,299.4246,15.701290322580645,1
Barry Französisch,62,0.23858064516129032,13208.2773,213.0367306451613,940.1213000000001,24.984193548387097,1
Barry Pond,57,0.16143859649122808,10385.32876,182.1987501754386,2090.96176,17.057543859649122,1
Bart Folk,55,0.17454545454545453,13942.7317,253.50421272727274,2084.5089,30.114181818181816,1
Bart Pistole,70,0.14557142857142857,10087.5376,144.10768,984.2587,17.088714285714286,1
Becky Castell,87,0.13908045977011493,15185.489,174.54585057471263,2485.9604,18.924022988505747,1
Becky Pak,58,0.10441379310344828,14806.92346,255.29178379310343,3576.20716,25.037068965517243,1
Ben Peterman,74,0.22759459459459458,16806.64772,227.11686108108108,1343.95582,33.54486486486487,1
Ben Wallace,68,0.11841176470588234,14968.18508,220.1203688235294,2352.20638,23.58058823529412,1
Benjamin Farhat,62,0.13470967741935486,13367.8575,215.6106048387097,641.3188,20.823709677419355,1
Berenike Kampe,64,0.158,13586.25136,212.2851775,2447.6789599999997,28.529374999999998,1
Beth Fritzler,58,0.11813793103448277,10588.57264,182.5615972413793,661.45284,19.485517241379313,1
Beth Paige,55,0.19367272727272725,12832.23978,233.31345054545454,1958.09908,22.514181818181818,1
Beth Thompson,70,0.1842857142857143,11627.78,166.11114285714288,863.9258,18.455,1
Bill Donatelli,69,0.10072463768115943,15275.317000000001,221.38140579710145,1622.6797,18.547971014492752,1
Bill Overfelt,47,0.260468085106383,8092.4907,172.18065319148937,415.21970000000005,11.867021276595745,1
Bill Tyler,50,0.115,11796.377,235.92754000000002,2544.9303,26.211799999999997,1
Bobby Odegard,57,0.14305263157894738,15027.84252,263.64636,2556.82472,25.677719298245616,1
Bobby Trafton,53,0.2737735849056604,10396.5405,196.16114150943395,-469.7911,17.74056603773585,1
Brad Thomas,65,0.16172307692307694,11682.02454,179.72345446153847,939.62794,17.37553846153846,1
Bradley Drucker,44,0.12431818181818181,13141.8965,298.67946590909094,2381.066,31.480227272727276,1
Bradley Nguyen,65,0.05744615384615385,12879.02752,198.13888492307692,2544.06892,17.11769230769231,1
Bradley Talbott,55,0.1449090909090909,15344.099,278.9836181818182,1453.6353,23.56472727272727,1
Brenda Bowman,63,0.17146031746031745,16004.79988,254.04444253968254,1738.84688,25.819999999999997,1
Brendan Dodson,36,0.06227777777777778,10920.79974,303.35554833333333,2024.7037400000002,35.270833333333336,1
Brendan Murry,55,0.10258181818181819,12055.31508,219.1875469090909,282.13467999999995,20.637636363636364,1
Brendan Sweed,58,0.12158620689655172,12178.03602,209.96613827586205,2045.68872,29.853965517241377,1
Brian Dahlen,48,0.06966666666666667,9892.30214,206.08962791666667,1425.66744,22.290833333333335,1
Brian DeCherney,67,0.11047761194029851,10768.59702,160.7253286567164,984.4239200000001,15.97194029850746,1
Brian Thompson,58,0.11172413793103449,14895.1231,256.8124672413793,1795.5495,25.42137931034483,1
Brooke Gillingham,49,0.15555102040816327,11212.17038,228.81980367346938,417.31988,26.851836734693876,1
Bruce Degenhardt,76,0.1433421052631579,15956.227,209.95035526315792,2475.1561,22.707105263157896,1
Bruce Geld,56,0.11696428571428572,15381.7965,274.6749375,1426.6284,32.16267857142857,1
Bryan Davis,64,0.1376875,13573.39126,212.0842384375,1528.27026,18.81796875,1
Candace McMahon,46,0.21130434782608698,14794.6744,321.62335652173914,-2798.7906,31.861304347826085,1
Cari Schnelling,60,0.12423333333333335,12174.598820000001,202.90998033333335,1319.8943199999999,25.841333333333335,1
Carl Jackson,56,0.137,13970.26496,249.46901714285715,1957.42696,25.670178571428572,1
Carl Weiss,55,0.07821818181818183,14353.9416,260.9807563636364,3007.3994,24.01727272727273,1
Carlos Meador,42,0.1295238095238095,10148.3064,241.62634285714284,2206.362,36.03261904761905,1
Carlos Soltero,68,0.2531176470588235,14937.04334,219.66240205882355,-1000.0759600000001,21.120588235294118,1
Carol Darley,68,0.16929411764705882,13228.39046,194.5351538235294,1880.35726,19.420294117647057,1
Carol Triggs,52,0.10292307692307692,14138.57504,271.89567384615384,2437.80334,29.631346153846152,1
Cassandra Brandow,59,0.10966101694915255,13526.2086,229.25777288135592,208.82850000000002,23.991186440677968,1
Catherine Glotzbach,35,0.2991428571428571,4115.208,117.57737142857142,-246.83939999999996,20.16342857142857,1
Cathy Armstrong,56,0.11164285714285715,12292.758,219.51353571428572,1869.7699,17.98767857142857,1
Cathy Hwang,70,0.06845714285714286,15668.17456,223.83106514285714,2671.50966,19.708142857142857,1
Chad Cunningham,58,0.12572413793103449,12520.17124,215.86502137931035,2622.6274399999998,31.25568965517241,1
Chad McGuire,43,0.09330232558139535,16565.3193,385.23998372093024,2442.3472,52.76674418604651,1
Chad Sievert,48,0.15854166666666666,12348.499,257.26039583333335,-4.0671,28.844583333333333,1
Charles Crestani,59,0.1401694915254237,13348.8466,226.2516372881356,1307.7991,25.03220338983051,1
Charlotte Melton,55,0.1308,12826.54222,233.20985854545452,117.79151999999996,22.802181818181815,1
Chloris Kastensmidt,96,0.22241666666666668,14575.90484,151.83234208333332,965.8129400000001,17.247291666666666,1
Chris Cortes,87,0.09255172413793103,11482.9148,131.98752643678162,2505.8885999999998,12.66448275862069,1
Chris McAfee,44,0.12218181818181817,11620.621000000001,264.10502272727274,1887.6977,31.506590909090907,1
Chris Selesnick,81,0.07851851851851853,14413.7293,177.947275308642,2602.5059,20.255555555555556,1
Christina VanderZanden,60,0.16473333333333334,10325.50918,172.09181966666665,605.33728,15.968666666666667,1
Christine Abelman,43,0.09353488372093023,7802.29086,181.4486246511628,867.15866,25.234651162790694,1
Christine Kargatis,67,0.13689552238805971,13053.19332,194.8237808955224,1380.71322,17.692089552238805,1
Christine Sundaresam,66,0.1437878787878788,10548.057,159.81904545454546,-1.1518000000000164,17.27439393939394,1
Christopher Schild,53,0.07550943396226414,12514.53436,236.12328981132075,2080.04256,23.47396226415094,1
Christy Brittain,49,0.18171428571428572,13938.11536,284.451333877551,2087.08366,38.674285714285716,1
Chuck Clark,60,0.1057,15039.16256,250.65270933333335,2940.51086,21.958333333333332,1
Chuck Magee,58,0.13544827586206895,13713.28608,236.43596689655172,1476.65568,21.444310344827585,1
Cindy Schnelling,62,0.19274193548387097,12774.6265,206.0423629032258,188.87189999999995,24.543548387096774,1
Cindy Stewart,42,0.09952380952380951,13429.7464,319.7558666666667,-6151.5581,29.62952380952381,1
Claire Gute,52,0.1590769230769231,14661.67402,281.9552696153846,2566.57842,35.85269230769231,1
Clay Cheatham,60,0.1367,9342.05034,155.700839,1524.54894,23.16166666666667,1
Clay Rozendal,41,0.1692682926829268,11757.5765,286.77015853658537,1945.9958,30.03048780487805,1
Corey-Lock,68,0.15091176470588236,13046.86776,191.86570235294116,1196.03996,21.451617647058825,1
Corinna Mitchell,54,0.2576296296296296,15578.55668,288.4917903703704,-955.0624199999999,38.28055555555556,1
Craig Carreira,67,0.18256716417910449,11496.6099,171.59119253731342,-280.9817,22.167313432835822,1
Craig Carroll,55,0.2049090909090909,16817.9562,305.78102181818184,2249.8603000000003,26.952727272727273,1
Craig Molinari,54,0.17907407407407408,11230.8429,207.97857222222223,1210.3413,25.426296296296297,1
Craig Yedwab,60,0.10203333333333334,14221.5023,237.02503833333333,1542.243,27.605666666666664,1
Cyma Kinney,69,0.09031884057971015,10590.7544,153.48919420289855,525.3842999999999,17.128695652173914,1
Cynthia Delaney,68,0.10514705882352941,14498.9025,213.21915441176472,2154.3027,22.167499999999997,1
Cynthia Voltz,54,0.145,14852.9826,275.0552333333333,1910.1065,39.434074074074076,1
Cyra Reiten,54,0.0892962962962963,15658.56256,289.97338074074077,3312.72046,27.76388888888889,1
Dan Campbell,77,0.13701298701298703,13438.5095,174.5260974025974,-70.48979999999993,12.825324675324675,1
Dan Lawera,68,0.2015,12688.6821,186.5982661764706,426.03500000000014,25.53029411764706,1
Dan Reichenbach,84,0.1478809523809524,16706.8013,198.89049166666666,1984.3986,15.852976190476191,1
Daniel Byrd,65,0.13876923076923076,15389.4637,236.76098000000002,1656.9395000000002,23.360769230769233,1
Daniel Lacy,72,0.2579444444444444,12196.6768,169.39828888888889,1108.44,17.293055555555554,1
Darren Budd,31,0.10709677419354839,9679.2392,312.2335225806452,586.9649,25.411612903225805,1
Darren Koutras,64,0.122375,14905.4005,232.8968828125,1287.9167,28.94703125,1
Darren Powers,82,0.21524390243902436,15976.3724,194.83380975609757,-517.4512,16.88609756097561,1
Darrin Sayre,68,0.18382352941176472,13280.8085,195.30600735294115,1487.6674,16.68279411764706,1
Dave Hallsten,83,0.09361445783132531,16192.3601,195.08867590361444,1681.8685,19.992409638554218,1
David Bremer,34,0.20741176470588238,6273.82662,184.52431235294117,-2270.69658,17.165294117647058,1
David Flashing,52,0.21653846153846154,11542.0359,221.96222884615386,363.0722,18.32096153846154,1
David Smith,63,0.10333333333333333,13632.547999999999,216.3896507936508,1713.4145,19.843333333333334,1
David Wiener,56,0.13285714285714284,10930.543099999999,195.18826964285714,1739.0983,18.89017857142857,1
Dean Braden,73,0.20342465753424657,14130.616899999999,193.57009452054794,1425.8078,26.733698630136985,1
Dean Katz,56,0.11732142857142858,10654.4526,190.25808214285715,1007.0980000000001,16.293214285714285,1
Deanra Eno,55,0.07636363636363637,12800.279999999999,232.7323636363636,1735.4974,21.102181818181815,1
Deborah Brumfield,58,0.15862068965517243,12576.5995,216.8379224137931,1640.2389,19.564137931034484,1
Debra Catini,54,0.11114814814814816,16964.6539,314.1602574074074,865.3341,26.95425925925926,1
Deirdre Greer,64,0.1296875,16713.74,261.1521875,2374.3181,33.18109375,1
Dennis Bolton,52,0.11561538461538462,10611.344360000001,204.06431461538463,1922.71686,26.967692307692307,1
Dennis Pardue,57,0.08052631578947368,11658.921199999999,204.54247719298243,2688.1890000000003,20.536315789473683,1
Denny Blanton,51,0.1163921568627451,16632.63866,326.1301698039216,1958.55586,37.49294117647059,1
Dianna Arnett,60,0.17106666666666664,15247.41826,254.12363766666667,-297.83133999999995,26.326666666666664,1
Dionis Lloyd,56,0.1464285714285714,16645.788,297.2462142857143,1560.868,37.03285714285715,1
Don Miller,52,0.14426923076923076,11831.64768,227.53168615384615,-273.41551999999984,34.43980769230769,1
Don Weiss,62,0.21451612903225808,14383.002,231.98390322580647,425.70920000000007,28.983064516129033,1
Dorothy Badders,49,0.1606530612244898,10386.3324,211.96596734693875,1242.2766000000001,24.337755102040816,1
Dorothy Dickinson,66,0.11518181818181819,11072.8788,167.77089090909092,1399.6512,15.182424242424242,1
Dorothy Wardle,74,0.13702702702702704,12604.9176,170.33672432432434,870.557,14.38783783783784,1
Dorris liebe,58,0.19379310344827586,14721.8194,253.8244724137931,1851.7062,24.46034482758621,1
Doug Bickford,58,0.11555172413793104,12855.6088,221.6484275862069,2967.6800000000003,23.92896551724138,1
Doug Jacobs,54,0.1288888888888889,13854.078,256.557,2675.7544000000003,23.311851851851852,1
Doug O'Connell,68,0.16241176470588237,13772.73292,202.54019,1816.73452,19.126470588235293,1
Duane Benoit,42,0.18033333333333332,13604.77684,323.9232580952381,1417.79834,34.22904761904762,1
Duane Huffman,54,0.12962962962962962,12479.1525,231.09541666666667,2151.1435,26.54722222222222,1
Duane Noonan,60,0.16233333333333333,14914.292,248.57153333333332,233.5424999999999,17.505,1
Ed Braxton,65,0.13384615384615386,15523.9141,238.8294476923077,1488.6075999999998,21.784307692307692,1
Ed Jacobs,45,0.14933333333333332,10697.404,237.7200888888889,1209.9476,27.035777777777774,1
Ed Ludwig,71,0.09859154929577464,14207.254,200.10216901408452,1155.5394000000001,24.728591549295775,1
Edward Becker,49,0.14795918367346939,9429.144,192.43151020408163,1487.154,19.941224489795918,1
Edward Nazzal,46,0.20304347826086958,7068.7724,153.6689652173913,237.69949999999997,19.95413043478261,1
Eileen Kiefer,36,0.1413888888888889,7128.4292,198.0119222222222,765.4778,21.704444444444444,1
Eleni McCrary,54,0.12596296296296297,14582.607039999999,270.0482785185185,1897.36954,31.447962962962965,1
Elizabeth Moffitt,64,0.14021875,14506.33616,226.6615025,1988.0723600000001,28.0178125,1
Emily Burns,35,0.24828571428571428,7035.8557,201.02444857142856,20.558200000000006,19.19742857142857,1
Emily Phan,72,0.1561388888888889,16771.30774,232.93482972222222,2103.96474,22.346111111111114,1
Eric Barreto,48,0.1175,11967.4679,249.32224791666667,2091.7421,24.11,1
Eric Hoffmann,71,0.12425352112676055,10351.42602,145.79473267605636,2250.05482,17.675070422535214,1
Erica Bern,77,0.15249350649350651,16119.2213,209.34053636363635,3030.7344,24.40168831168831,1
Erica Hackney,51,0.13470588235294118,9479.5736,185.87399215686273,1556.9195,18.867450980392157,1
Erica Hernandez,57,0.11789473684210526,13004.6121,228.1510894736842,794.6512999999999,31.792280701754386,1
Erica Smith,67,0.13838805970149254,14720.05094,219.70225283582087,3127.37644,22.1744776119403,1
Erin Ashbrook,72,0.19544444444444445,11518.87572,159.984385,868.06012,17.027638888888887,1
Erin Creighton,58,0.1886206896551724,6731.5511,116.06122586206897,831.7727,12.219137931034483,1
Erin Mull,62,0.10341935483870968,15321.55558,247.1218641935484,3939.46018,32.47693548387097,1
Eudokia Martin,61,0.12901639344262295,13723.2597,224.97147049180327,1764.7839000000001,21.528196721311478,1
Eugene Barchas,64,0.2159375,16083.2243,251.3003796875,2893.6639,32.25515625,1
Eva Jacobs,49,0.11248979591836736,14956.8346,305.2415224489796,2794.5691,23.25551020408163,1
Evan Bailliet,47,0.13127659574468084,8004.0590999999995,170.29912978723402,565.6232,15.031276595744682,1
Evan Henry,61,0.14511475409836067,16378.28382,268.4964560655738,2281.5105200000003,27.477540983606556,1
Filia McAdams,69,0.13886956521739133,17289.0118,250.5653884057971,1394.0246,30.004492753623186,1
Frank Atkinson,62,0.2285483870967742,14349.6348,231.44572258064517,1496.1937,20.42822580645161,1
Frank Carlisle,51,0.09549019607843137,12408.4468,243.30287843137253,2780.7909999999997,29.298039215686277,1
Frank Gastineau,44,0.14886363636363636,9704.7165,220.56173863636366,1034.1122,28.48068181818182,1
Frank Hawley,48,0.099375,13682.63,285.05479166666663,3547.5756,31.607083333333335,1
Frank Merwin,77,0.15496103896103897,16385.02922,212.79258727272727,2601.29072,19.50051948051948,1
Frank Preis,55,0.19490909090909092,10755.6322,195.5569490909091,937.1935000000001,13.434727272727272,1
Fred Chung,51,0.11258823529411764,9321.68964,182.77822823529414,1496.69624,18.43156862745098,1
Fred Harton,42,0.08623809523809524,10765.00982,256.3097576190476,2888.0348200000003,20.634047619047617,1
Fred McMath,46,0.23021739130434782,7441.9377,161.7812543478261,1015.5115,18.634347826086955,1
Gary Hansen,76,0.14213157894736841,15269.81598,200.91863131578947,613.80548,21.806184210526315,1
Gary McGarr,58,0.13455172413793104,16517.67788,284.7875496551724,1665.01388,39.762413793103455,1
Gary Mitchum,43,0.14534883720930233,11012.079,256.09486046511626,2872.1064,28.067906976744187,1
Gene Hale,50,0.10279999999999999,15487.2962,309.745924,2295.9524,23.653200000000002,1
Gene McClure,47,0.09885106382978723,11002.555620000001,234.0969280851064,1553.25212,25.047021276595746,1
George Ashbrook,58,0.14486206896551726,13807.06132,238.05278137931035,792.3443199999999,25.430862068965517,1
George Bell,56,0.1464285714285714,12183.653,217.56523214285716,656.2901,16.75625,1
George Zrebassa,52,0.12142307692307693,15292.1188,294.0792076923077,4105.5978000000005,23.42615384615385,1
Georgia Rosenberg,62,0.18583870967741936,13850.58654,223.3965570967742,496.27973999999995,29.293709677419354,1
Giulietta Baptist,66,0.12184848484848484,12570.90438,190.46824818181818,1633.26568,18.19621212121212,1
Greg Guthrie,75,0.09669333333333334,13903.38476,185.3784634666667,1523.52326,21.927333333333333,1
Greg Hansen,65,0.2102153846153846,13998.52062,215.36185569230767,1584.66962,25.636769230769232,1
Greg Matthias,74,0.20502702702702705,13601.01144,183.79745189189188,-1337.92006,23.43,1
Greg Maxwell,64,0.13671875,15356.444,239.9444375,-11.35850000000011,28.4771875,1
Guy Armstrong,64,0.17875,10278.3415,160.5990859375,771.9774,15.09296875,1
Guy Phonely,74,0.15,15403.832,208.1598918918919,1250.1096,35.004864864864864,1
Guy Thornton,62,0.106,9059.28452,146.11749225806452,784.17932,20.160967741935483,1
Hallie Redmond,61,0.1098360655737705,15677.251,257.00411475409834,1705.2724,21.927049180327867,1
Harold Engle,71,0.12273239436619719,10993.81722,154.84249605633804,1710.43802,20.44901408450704,1
Harold Pawlan,45,0.1522222222222222,8518.1215,189.29158888888887,880.2212,18.349333333333334,1
Harold Ryan,44,0.15163636363636365,10029.09236,227.93391727272729,1456.03576,32.79931818181818,1
Heather Jas,68,0.07691176470588236,15434.0162,226.97082647058824,2618.261,28.204411764705885,1
Heather Kirkland,60,0.12233333333333334,15543.4091,259.05681833333335,2494.9302000000002,30.107166666666668,1
Helen Abelman,62,0.22893548387096774,16933.41844,273.11965225806455,-761.69416,26.85677419354839,1
Helen Andreada,63,0.13412698412698412,10411.0721,165.2551126984127,1561.1586,27.183968253968253,1
Henia Zydlo,57,0.1942456140350877,12486.8208,219.06703157894736,741.4829000000001,25.468771929824563,1
Henry Goldwyn,71,0.1476338028169014,17165.2746,241.7644309859155,-1597.5109,22.704084507042253,1
Herbert Flentye,77,0.1716883116883117,11812.8429,153.41354415584416,-653.1279,17.297272727272727,1
Hilary Holden,57,0.058807017543859655,15229.30782,267.18083894736844,2432.32402,26.561929824561403,1
Hunter Glantz,67,0.1306268656716418,16214.418599999999,242.006247761194,1532.9159,29.58671641791045,1
Ionia McGrath,39,0.10517948717948719,9479.78976,243.0715323076923,2447.97986,24.984871794871793,1
Ivan Gibson,77,0.11366233766233767,16149.37398,209.73212961038962,1911.1681800000001,23.244545454545456,1
Ivan Liston,64,0.16565625,12855.50176,200.867215,1181.07276,15.67109375,1
Jack Garza,62,0.18067741935483872,15709.50388,253.37909483870968,-922.26102,22.50225806451613,1
Jack O'Briant,51,0.08333333333333333,13345.69,261.6801960784314,3045.2555,22.36470588235294,1
James Lanier,53,0.13045283018867923,14852.96246,280.24457471698116,1701.1711599999999,35.84452830188679,1
Jamie Kunitz,50,0.10280000000000002,12534.6012,250.69202399999998,2763.7822,21.2598,1
Janet Molinari,77,0.10376623376623377,16168.4657,209.98007402597403,2780.094,25.35753246753247,1
Jas O'Carroll,44,0.06754545454545455,8818.4151,200.41852500000002,1905.7893,22.925227272727273,1
Jason Gross,55,0.10690909090909091,13570.697900000001,246.73996181818183,2254.6355,27.57890909090909,1
Jay Fein,64,0.24375,10819.33,169.05203125,-1874.6750000000002,17.571875,1
Jay Kimmel,67,0.12032835820895524,13400.96604,200.01441850746266,1550.04784,25.162238805970148,1
Jenna Caffey,75,0.14674666666666666,16162.00592,215.49341226666667,1304.56232,20.489333333333335,1
Jennifer Braxton,73,0.15482191780821916,15257.5339,209.00731369863013,2451.8621,27.706438356164384,1
Jennifer Halladay,78,0.12794871794871795,12689.6723,162.6881064102564,1590.6942,16.096923076923076,1
Jennifer Jackson,41,0.1626829268292683,12187.0514,297.245156097561,1022.6992,27.737560975609757,1
Jennifer Patt,78,0.12082051282051282,14210.38782,182.18445923076922,2079.42932,18.938589743589745,1
Jeremy Ellison,43,0.17209302325581396,6819.254,158.5873023255814,1318.1717,15.705116279069768,1
Jeremy Farry,57,0.08845614035087719,10721.91786,188.10382210526316,1200.10256,15.388245614035087,1
Jeremy Lonsdale,48,0.07395833333333333,11361.035,236.68822916666667,1186.2773,21.687916666666666,1
Jessica Myrick,51,0.1549019607843137,7790.23,152.74960784313726,1358.9265,12.512549019607842,1
Jesus Ocampo,53,0.1471698113207547,8206.673999999999,154.84290566037734,582.7569,12.047169811320755,1
Jill Matthias,58,0.1046551724137931,14176.18,244.41689655172414,1716.7324,33.99758620689656,1
Jill Stevenson,49,0.2730612244897959,10141.3295,206.9659081632653,-161.19350000000006,24.25979591836735,1
Jim Epp,64,0.24203125,13949.5474,217.961678125,1371.9133000000002,28.74375,1
Jim Kriz,43,0.1207906976744186,13065.8795,303.85766279069765,2754.2758,37.8160465116279,1
Jim Radford,48,0.085625,15923.1256,331.73178333333334,-760.4169,43.030833333333334,1
Jim Sink,69,0.11739130434782608,16282.5795,235.97941304347825,2350.4863,29.752898550724634,1
Jocasta Rupert,36,0.16533333333333333,11241.48276,312.26341,932.52776,27.3225,1
John Castell,53,0.13286792452830187,12295.27204,231.98626490566036,1858.38624,24.903584905660374,1
John Dryer,48,0.22529166666666667,11590.82176,241.47545333333335,-1198.71274,22.613125,1
John Lucas,50,0.214,10501.278,210.02556,354.2466,23.096799999999998,1
John Stevenson,42,0.16333333333333333,12189.097099999999,290.2165976190476,491.3969,36.98952380952381,1
Jonathan Howell,81,0.1002469135802469,16546.7117,204.2803913580247,705.0602000000001,17.44098765432099,1
Joni Blumstein,59,0.1425762711864407,13337.37896,226.05727050847457,1130.50616,23.665423728813558,1
Joni Sundaresam,53,0.25754716981132075,6802.106,128.34162264150942,11.973400000000066,13.482641509433963,1
Joni Wasserman,60,0.18950000000000003,10948.6287,182.47714499999998,657.1068,21.8925,1
Joy Daniels,67,0.2237313432835821,11343.4093,169.30461641791044,-604.4102,18.59164179104478,1
Julia Barnett,57,0.17782456140350875,17086.93168,299.7707312280702,249.04518000000004,27.602105263157895,1
Julia Dunbar,48,0.14795833333333333,11224.48096,233.84335333333334,564.90306,35.139375,1
Julie Creighton,63,0.18431746031746032,14994.04488,238.00071238095236,-1889.1059200000002,26.923492063492066,1
Julie Kriz,65,0.11664615384615384,15647.78664,240.7351790769231,1894.19924,25.428615384615384,1
Julie Prescott,76,0.05671052631578948,14596.1586,192.05471842105263,3479.0402,17.331447368421053,1
Justin Ellison,53,0.134,12908.43436,243.55536528301886,2928.30396,32.97207547169811,1
Justin MacKendrick,53,0.10456603773584905,9026.0566,170.30295471698113,1519.7949999999998,19.598490566037736,1
Justin Ritter,57,0.11929824561403508,13623.249,239.00436842105262,1306.756,31.49122807017544,1
Kalyca Meade,43,0.12255813953488373,8645.9146,201.06778139534885,369.5323,18.238372093023255,1
Karen Bern,55,0.09818181818181819,11846.018,215.38214545454545,2319.0706,23.55109090909091,1
Karen Carlisle,63,0.23126984126984126,10416.3223,165.3384492063492,1979.5000000000002,23.929365079365077,1
Karen Seio,43,0.07730232558139534,5324.97318,123.83658558139535,1113.68218,21.068372093023253,1
Katherine Ducich,39,0.04666666666666667,11693.500399999999,299.83334358974355,2428.8306,26.971794871794874,1
Katherine Hughes,75,0.10826666666666668,12204.8744,162.73165866666668,1842.3875,18.2248,1
Katrina Bavinger,68,0.24529411764705883,14024.6405,206.2447132352941,618.2365,20.44058823529412,1
Katrina Edelman,67,0.19662686567164178,13551.13872,202.25580179104477,1286.54742,25.61074626865672,1
Katrina Willman,58,0.1596551724137931,15747.2556,271.50440689655176,3107.0106,27.42189655172414,1
Kean Takahito,82,0.19890243902439028,17257.160200000002,210.45317317073173,987.5934000000001,19.170731707317074,1
Kean Thornton,45,0.2091111111111111,8360.392100000001,185.78649111111113,-617.9192,22.857777777777777,1
Keith Herrera,79,0.07088607594936709,16884.736,213.730835443038,2196.8332,19.153924050632913,1
Kelly Lampkin,86,0.21651162790697676,14248.4477,165.67962441860465,738.7484,19.631976744186044,1
Kelly Williams,71,0.13960563380281688,11833.7753,166.67289154929577,2371.1463,16.082816901408453,1
Ken Black,66,0.1340909090909091,16602.5295,251.5534772727273,1351.0226,29.809545454545457,1
Ken Brennan,56,0.13428571428571429,11463.6947,204.70883392857144,1046.2451,22.049107142857142,1
Ken Dana,56,0.18221428571428572,12554.42362,224.18613607142856,1750.72552,25.506785714285716,1
Ken Heidel,57,0.16950877192982458,9016.57056,158.18544842105263,1505.97316,16.859473684210528,1
Khloe Miller,61,0.16704918032786883,10973.8066,179.89846885245902,847.8977,23.287540983606558,1
Kimberly Carter,53,0.09192452830188678,13923.12304,262.70043471698114,2144.96274,37.76358490566038,1
Kristina Nunn,46,0.13260869565217392,10715.636,232.94860869565218,1698.5085,22.187608695652173,1
Larry Blacks,63,0.1391111111111111,14583.989220000001,231.4918923809524,1664.49192,24.15111111111111,1
Larry Hughes,50,0.21603999999999998,8690.7402,173.814804,641.2019000000001,25.5592,1
Laurel Elliston,61,0.1178688524590164,11478.7737,188.17661803278688,2025.0286,17.315409836065573,1
Laurel Workman,63,0.09765079365079365,10872.60924,172.58109904761903,1148.80494,23.9215873015873,1
Lauren Leatherbury,66,0.08293939393939394,14936.93606,226.31721303030304,894.9398600000001,25.119090909090907,1
Lela Donovan,71,0.17090140845070423,16184.63858,227.95265605633804,1486.73868,22.91225352112676,1
Lena Cacioppo,66,0.17124242424242422,11080.34336,167.88399030303032,1176.76826,19.594242424242424,1
Lena Hernandez,55,0.1708,12939.16928,235.25762327272727,997.3899799999999,22.36218181818182,1
Linda Cazamias,67,0.11644776119402984,16741.38396,249.8714023880597,2273.42396,24.641044776119404,1
Linda Southworth,63,0.24387301587301585,13146.15176,208.66907555555557,-67.85193999999997,20.61904761904762,1
Lindsay Castell,50,0.228,14299.4995,285.98999,1420.7137,26.4548,1
Lindsay Shagiari,59,0.16898305084745763,9363.0997,158.69660508474578,1778.0724,16.88050847457627,1
Lindsay Williams,58,0.16120689655172413,10981.6205,189.33828448275864,1486.9264,27.110517241379313,1
Lisa DeCherney,58,0.17072413793103447,11823.34064,203.85070068965518,1165.43804,20.554310344827588,1
Lisa Hazard,43,0.15120930232558139,9162.997800000001,213.0929720930233,1338.0789,31.561627906976746,1
Liz MacKendrick,50,0.07200000000000001,15529.853,310.59706,1868.1509999999998,26.911600000000004,1
Liz Pelletier,54,0.15833333333333335,9463.3275,175.24680555555554,-265.57719999999995,18.31,1
Liz Preis,71,0.127943661971831,16609.511599999998,233.93678309859152,2122.698,27.731408450704226,1
Liz Willingham,41,0.12560975609756098,8046.61,196.25878048780487,1400.0412000000001,17.75829268292683,1
Logan Currie,71,0.12822535211267605,16082.67376,226.5165318309859,1925.2869600000001,23.462253521126758,1
Logan Haushalter,72,0.17333333333333334,17292.2398,240.1699972222222,1519.531,31.50680555555556,1
Lori Olson,69,0.2106086956521739,13537.5086,196.1957768115942,1788.7198,19.996521739130436,1
Luke Foster,61,0.23442622950819672,13421.2385,220.02030327868852,-3644.3475,21.97311475409836,1
Luke Schmidt,58,0.164,15599.39722,268.9551244827586,1653.96822,27.503793103448277,1
Luke Weiss,53,0.13626415094339622,12051.505439999999,227.3868950943396,849.3825400000001,22.85490566037736,1
Lycoris Saunders,79,0.20005063291139238,11741.51948,148.6268288607595,1377.4046799999999,16.180126582278483,1
Lynn Smith,54,0.10740740740740741,11712.139000000001,216.89146296296298,1498.1314,27.47685185185185,1
Marc Crier,69,0.12730434782608696,15981.0925,231.61003623188407,2113.4819,26.111884057971015,1
Marc Harrigan,64,0.0739375,15404.03666,240.6880728125,2316.01286,25.52765625,1
Marina Lichtenstein,57,0.08985964912280701,15556.47948,272.92069263157896,1284.23268,20.71017543859649,1
Maris LaWare,60,0.175,15174.8383,252.91397166666667,1154.1428,30.08583333333333,1
Mark Cousins,74,0.19767567567567568,16545.25618,223.58454297297297,2851.25848,19.547432432432434,1
Mark Haberlin,73,0.06945205479452055,11302.8258,154.83323013698632,1552.0084,15.082191780821917,1
Mark Hamilton,64,0.142375,14721.64572,230.025714375,527.0470200000001,23.066875,1
Mark Packer,52,0.13315384615384615,12986.9128,249.74832307692307,2172.9781,33.86942307692308,1
Mark Van Huff,57,0.14280701754385966,11515.9033,202.03339122807017,1810.6391,29.026666666666667,1
Mary O'Rourke,57,0.18164912280701753,11125.2782,195.18031929824562,519.0088999999999,22.05561403508772,1
Mary Zewe,77,0.17236363636363636,16577.13784,215.2875044155844,1883.04214,24.761558441558442,1
MaryBeth Skach,63,0.19434920634920635,14791.84836,234.79124380952382,1987.3791600000002,23.332539682539682,1
Matt Abelman,82,0.19234146341463415,12441.95788,151.7311936585366,519.90348,22.738170731707317,1
Matt Collister,55,0.08916363636363636,11672.901679999999,212.23457599999998,1907.18878,20.542363636363635,1
Matt Connell,58,0.1196896551724138,13227.6119,228.06227413793104,1366.9685,24.07293103448276,1
Matt Hagelstein,60,0.18126666666666666,12217.97978,203.63299633333332,274.89098,21.192666666666664,1
Matthew Grinstein,51,0.06768627450980393,13018.97968,255.27411137254902,2205.32168,28.666470588235295,1
Maureen Fritzler,56,0.1362857142857143,13528.44134,241.57930964285714,1420.88584,23.427678571428572,1
Maurice Satty,61,0.12380327868852459,10030.09026,164.4277091803279,1152.74306,14.620655737704919,1
Max Engle,72,0.13319444444444445,9923.7616,137.83002222222223,673.2612,15.85763888888889,1
Max Jones,60,0.2217666666666667,16484.553,274.74255,2437.6299,27.378833333333333,1
Max Ludwig,63,0.11285714285714286,15533.6044,246.56514920634922,1837.7616,21.848412698412698,1
Maya Herman,62,0.08087096774193549,13590.96604,219.20912967741936,1470.52944,26.054516129032255,1
Meg Tillman,59,0.15135593220338983,15346.1068,260.10350508474573,793.4146000000001,28.50593220338983,1
Melanie Seite,70,0.178,16106.3013,230.09001857142857,2060.2844999999998,31.17042857142857,1
Michael Chen,65,0.13867692307692306,15939.61202,245.2248003076923,1213.00542,26.01492307692308,1
Michael Grace,61,0.16249180327868853,14533.010620000001,238.24607573770493,-117.61077999999989,21.394262295081965,1
Michael Granlund,63,0.23365079365079366,13181.3769,209.22820476190475,-999.7799,19.87666666666667,1
Michael Kennedy,74,0.2304054054054054,14447.4039,195.23518783783783,-210.63999999999993,19.483918918918917,1
Michael Nguyen,55,0.22858181818181816,15046.26412,273.56843854545457,1392.17082,26.181818181818183,1
Michael Oakman,29,0.13448275862068965,5460.584,188.296,286.2586,15.376896551724139,1
Michelle Arnett,59,0.11952542372881356,11934.457339999999,202.27893796610167,1102.67554,20.526101694915255,1
Michelle Ellison,49,0.10106122448979592,10708.13192,218.5333044897959,655.2183200000001,25.652244897959186,1
Michelle Huthwaite,50,0.131,12849.1285,256.98257,861.1837,35.7528,1
Michelle Lonsdale,47,0.1174468085106383,10368.494999999999,220.60627659574465,1962.8392000000001,23.80744680851064,1
Michelle Moray,66,0.16666666666666666,13088.498,198.31057575757575,1262.7827,17.902878787878787,1
Michelle Tran,68,0.2101470588235294,17772.3219,261.357675,-1788.0442,26.927647058823528,1
Mick Brown,71,0.16346478873239437,16447.73888,231.65829408450705,2595.96358,33.64732394366197,1
Mick Crebagga,62,0.1417741935483871,12013.0866,193.75946129032258,336.1498,22.26967741935484,1
Mick Hernandez,67,0.13516417910447762,13277.807,198.17622388059704,1488.1886,24.82955223880597,1
Mike Caudle,57,0.09543859649122807,9359.053,164.19391228070174,796.6315,15.969999999999999,1
Mike Kennedy,82,0.16719512195121952,12740.3848,155.3705463414634,758.5966,15.788170731707318,1
Muhammed Lee,71,0.08442253521126761,15844.721160000001,223.16508676056338,2314.36396,22.055352112676058,1
Muhammed MacIntyre,55,0.1009090909090909,10720.999,194.92725454545453,2166.4666,25.083454545454543,1
Nancy Lomonaco,43,0.1686046511627907,10838.6528,252.0616930232558,-566.9291000000001,39.93186046511628,1
Naresj Patel,65,0.11692307692307692,13115.177,201.77195384615385,1804.326,31.838153846153848,1
Nat Carroll,76,0.0915,16613.30912,218.59617263157898,-460.8773799999999,30.206052631578945,1
Nat Gilpin,66,0.07354545454545455,12009.19936,181.95756606060607,2806.44286,17.200151515151514,1
Natalie DeCherney,63,0.11038095238095239,13703.38482,217.51404476190476,2620.28132,24.55349206349206,1
Nathan Cano,49,0.1920408163265306,10759.220000000001,219.57591836734696,-724.9872000000001,26.402857142857144,1
Neil Ducich,57,0.10091228070175438,14784.42172,259.37581964912283,3168.85352,23.49017543859649,1
Neil Französisch,62,0.13712903225806453,12649.9209,204.0309822580645,2920.0567,32.50451612903226,1
Neil Knudson,63,0.08733333333333333,13878.543,220.29433333333333,3040.5326999999997,17.13095238095238,1
Neola Schneider,75,0.22469333333333333,15797.14274,210.62856986666665,-687.4442600000001,26.472,1
Neoma Murray,54,0.14203703703703704,13869.136,256.8358518518519,3142.6994999999997,36.837407407407404,1
Nick Crebassa,50,0.193,12305.249,246.10497999999998,1335.3780000000002,12.3622,1
Nick Radford,68,0.15620588235294117,12891.90158,189.58678794117645,1669.96578,20.521176470588237,1
Nicole Brennan,31,0.27909677419354845,5935.0754,191.4540451612903,-691.4278,13.589032258064515,1
Nicole Fjeld,43,0.14306976744186048,12267.23752,285.2845934883721,1371.54862,26.41395348837209,1
Noel Staavos,92,0.19619565217391305,16637.524,180.84265217391305,818.7196,20.510108695652175,1
Nona Balk,51,0.11607843137254902,10081.8206,197.6827568627451,1453.4045,23.786078431372548,1
Nora Paige,48,0.052541666666666674,15710.88426,327.31008875000003,3035.66246,34.418124999999996,1
Nora Pelletier,66,0.11854545454545454,16358.2832,247.85277575757576,1559.0269,28.91106060606061,1
Nora Preis,62,0.2085483870967742,15917.0555,256.72670161290324,375.5512,31.13774193548387,1
Pamela Coakley,48,0.16379166666666667,11940.05644,248.75117583333335,-420.10256,32.63229166666667,1
Parhena Norris,58,0.08920689655172415,12892.57522,222.28577965517243,2205.4628199999997,23.952758620689654,1
Patricia Hirasaki,41,0.1102439024390244,11182.4063,272.74161707317074,2743.6261,26.687317073170732,1
Patrick Bzostek,62,0.15164516129032257,14863.069739999999,239.72693129032257,1743.07944,23.173548387096773,1
Patrick Gardner,78,0.12576923076923077,16482.5046,211.31416153846155,1975.1888999999999,19.962179487179487,1
Patrick Jones,45,0.20666666666666664,14440.907,320.9090444444444,4019.1325,37.644444444444446,1
Patrick Ryan,72,0.2073888888888889,14329.26082,199.0175113888889,409.12542,24.49486111111111,1
Paul Gonzalez,92,0.10023913043478261,15922.9882,173.07595869565216,1620.1805,24.219021739130437,1
Paul Knutson,39,0.22697435897435897,8231.03756,211.05224512820516,-308.48943999999995,28.64051282051282,1
Paul Lucas,47,0.1274468085106383,15015.9286,319.48784255319146,2006.5049,35.31829787234042,1
Paul MacIntyre,48,0.1495,14342.4504,298.80105,1178.3952,41.73583333333333,1
Pauline Chand,48,0.129375,10634.4953,221.55198541666667,833.3308999999999,27.53708333333333,1
Pauline Johnson,65,0.24987692307692308,15843.53916,243.74675630769232,2102.4930600000002,23.929384615384617,1
Pauline Webber,69,0.16857971014492754,13891.06046,201.31971681159422,1944.80136,21.414057971014493,1
Pete Armstrong,56,0.2145,10393.81376,185.60381714285714,1555.35456,21.676607142857144,1
Pete Takahito,51,0.157921568627451,13056.813,256.01594117647056,609.7002,24.095882352941178,1
Peter Bühler,47,0.16808510638297874,9895.989,210.5529574468085,1936.1847,23.87,1
Peter McVee,46,0.09695652173913043,11286.955899999999,245.3686065217391,1018.6376,36.38739130434782,1
Philip Brown,76,0.1812105263157895,11385.69856,149.81182315789474,1271.84916,12.790657894736842,1
Phillip Flathmann,68,0.17338235294117646,13389.4717,196.9039955882353,940.8555,25.116470588235295,1
Pierre Wener,61,0.13721311475409834,8423.6698,138.0929475409836,1942.2988,12.345901639344262,1
Rachel Payne,74,0.17432432432432432,14999.9289,202.7017418918919,1902.7221000000002,29.782432432432433,1
Ralph Kennedy,64,0.15559375,14000.04458,218.7506965625,-1555.78942,26.35828125,1
Ralph Ritter,54,0.09392592592592593,13585.89038,251.59056259259262,2838.98338,23.68259259259259,1
Randy Ferguson,63,0.09765079365079365,16599.2978,263.48091746031747,3093.955,29.80825396825397,1
Ricardo Emerson,59,0.086,14040.49518,237.97449457627118,2643.68018,22.12864406779661,1
Ricardo Sperren,68,0.12317647058823529,14432.58948,212.24396294117648,1823.6508800000001,16.782794117647057,1
Richard Bierner,67,0.21540298507462688,14797.22952,220.85417194029853,-1125.65658,22.306716417910447,1
Richard Eichhorn,67,0.11853731343283583,16339.18824,243.86848119402984,2391.4116400000003,24.937313432835822,1
Rick Hansen,56,0.15250000000000002,16352.9586,292.01711785714286,1850.8902999999998,58.221964285714286,1
Rick Huthwaite,58,0.17589655172413793,13437.18096,231.67553379310345,1664.6644600000002,24.114655172413794,1
Rick Reed,73,0.1943835616438356,16386.1966,224.46844657534245,-47.982799999999976,33.93876712328767,1
Rob Beeghly,62,0.19193548387096776,11548.392,186.2643870967742,1495.9239,21.43548387096774,1
Rob Haberlin,47,0.1183404255319149,7970.16556,169.57799063829788,1222.37166,20.27212765957447,1
Rob Williams,48,0.09104166666666667,9985.934299999999,208.04029791666665,2252.2208,17.706458333333334,1
Robert Barroso,45,0.1728888888888889,6256.1884,139.02640888888888,640.1234,11.297555555555554,1
Robert Marley,47,0.0925531914893617,12867.0545,273.7671170212766,2542.2423,22.04936170212766,1
Robert Waldorf,64,0.11984375,12599.138,196.86153125,2137.0023,22.88953125,1
Roger Barcio,54,0.15574074074074074,15306.1556,283.44732592592595,2879.5411,32.266111111111115,1
Roger Demir,77,0.11675324675324676,14736.2375,191.3797077922078,3037.0108999999998,19.583376623376623,1
Roland Fjeld,59,0.08050847457627118,13089.2177,221.8511474576271,1123.5285,25.186101694915255,1
Roland Murray,37,0.17464864864864865,7404.1858600000005,200.11313135135137,1250.33376,13.422702702702702,1
Roland Schwarz,49,0.07253061224489797,15106.271279999999,308.2912506122449,3472.16638,42.85775510204082,1
Ross DeVincentis,70,0.16862857142857143,10305.88796,147.22697085714285,1939.89446,15.145142857142858,1
Roy Collins,45,0.11355555555555556,7954.1133,176.75807333333333,737.7456999999999,19.75111111111111,1
Roy Französisch,78,0.11612820512820513,15649.19768,200.63073948717948,2841.73178,18.023333333333333,1
Roy Phan,72,0.19430555555555556,14612.2234,202.94754722222223,138.85420000000008,23.244305555555556,1
Roy Skaria,56,0.12057142857142857,8122.39278,145.04272821428572,1463.42858,15.92625,1
Ruben Ausman,75,0.06605333333333333,15938.76708,212.51689439999998,3320.46868,20.493066666666667,1
Russell D'Ascenzo,71,0.14371830985915493,15816.98032,222.77437070422536,1230.36572,25.163661971830987,1
Ryan Akin,55,0.13745454545454544,13740.6153,249.82936909090907,896.7278,31.210181818181816,1
Ryan Crowe,50,0.09480000000000001,9537.8341,190.756682,2124.0154,19.186600000000002,1
Sally Knutson,62,0.10216129032258064,13291.82952,214.38434709677418,2975.51382,31.140645161290323,1
Sally Matthias,54,0.12222222222222222,13063.9675,241.9253240740741,1528.3608,27.45740740740741,1
Sam Craven,69,0.13884057971014493,11055.804,160.22904347826088,1116.0096,16.115797101449274,1
Sam Zeldin,77,0.1695064935064935,16356.526,212.42241558441557,2915.8473,25.237142857142857,1
Sandra Flanagan,51,0.0784313725490196,11257.175,220.72892156862744,1865.6513,20.484313725490196,1
Sandra Glassco,50,0.07184,11853.2314,237.064628,2883.7084,27.4736,1
Sanjit Jacobs,79,0.17468354430379748,13523.280999999999,171.1807721518987,1828.0039,14.999367088607595,1
Sara Luxemburg,82,0.11280487804878049,16832.471,205.27403658536588,1899.9305000000002,25.15012195121951,1
Sarah Bern,50,0.16920000000000002,14598.173999999999,291.96348,2366.9598,34.7502,1
Sarah Foster,73,0.1358904109589041,15652.9454,214.4239095890411,829.764,25.166575342465755,1
Sarah Jordon,79,0.1661012658227848,16068.95068,203.40443898734176,2511.86098,22.314050632911393,1
Scot Wooten,56,0.13967857142857143,15478.59382,276.4034610714286,1948.35962,36.39071428571429,1
Scott Cohen,74,0.22675675675675677,12532.7104,169.36095135135136,1222.6707999999999,19.025540540540543,1
Scott Williamson,68,0.19297058823529412,17045.5447,250.669775,1044.1871999999998,33.63411764705882,1
Sean O'Donnell,60,0.08856666666666667,16366.44492,272.774082,2407.04362,31.17233333333333,1
Sean Wendt,46,0.22808695652173916,8167.703439999999,177.5587704347826,1031.54774,16.11804347826087,1
Shahid Hopkins,68,0.17826470588235294,12978.20384,190.8559388235294,1059.2329399999999,17.389264705882354,1
Sharelle Roach,52,0.22599999999999998,13002.45694,250.04724884615385,-2551.18846,21.19596153846154,1
Shaun Chance,56,0.25432142857142853,9606.51626,171.54493321428572,357.01935999999995,17.753035714285712,1
Shaun Weien,42,0.08119047619047619,8243.2682,196.2682904761905,1163.569,18.99190476190476,1
Sheri Gordon,59,0.09779661016949152,13816.9473,234.1855474576271,2338.9888,37.62898305084746,1
Shirley Jackson,52,0.11923076923076924,13384.859,257.40113461538465,1581.8093,27.429230769230767,1
Shirley Schmidt,36,0.12561111111111112,7905.151620000001,219.587545,416.3461199999999,18.57361111111111,1
Shui Tom,65,0.10024615384615385,15007.271060000001,230.88109323076924,2234.1029599999997,30.925846153846155,1
Sibella Parks,36,0.1627777777777778,7219.5187,200.5421861111111,749.2270000000001,19.811666666666667,1
Skye Norling,67,0.2,14218.814,212.22110447761193,-2637.9805,21.127462686567164,1
Sonia Cooley,57,0.12175438596491228,10013.4443,175.67446140350876,938.0015999999999,18.430350877192982,1
Sonia Sunley,61,0.12327868852459017,13121.8064,215.11158032786884,2370.1265,17.981967213114757,1
Speros Goranitis,66,0.1941212121212121,12944.60556,196.13038727272726,1541.10256,22.44484848484848,1
Stefanie Holloman,55,0.1409090909090909,14205.7258,258.28592363636363,1978.1796000000002,23.278181818181817,1
Stephanie Phelps,46,0.2207391304347826,11148.76344,242.36442260869566,1682.80564,25.149565217391302,1
Stephanie Ulpright,72,0.19722222222222222,10773.594000000001,149.63325,510.2519,16.811944444444446,1
Steve Nguyen,61,0.12331147540983607,13406.180559999999,219.77345180327868,2384.85126,22.33098360655738,1
Steven Cartwright,73,0.15345205479452054,16919.91808,231.7796997260274,2066.03938,25.022191780821917,1
Stewart Carmichael,83,0.1803855421686747,16528.32208,199.13641060240965,318.0876800000001,22.133855421686746,1
Stuart Calhoun,45,0.18404444444444445,11410.5646,253.56810222222222,1276.3538,23.59177777777778,1
Sue Ann Reed,64,0.15940625,16495.05466,257.7352290625,1354.7027600000001,32.1103125,1
Sung Chung,46,0.19134782608695652,11266.74502,244.9292395652174,1696.6987199999999,34.91717391304348,1
Sung Pak,52,0.2058076923076923,13498.088459999999,259.5786242307692,1750.68106,21.137884615384618,1
Sung Shariari,43,0.24590697674418605,5328.4648,123.91778604651162,-559.9772,11.733953488372093,1
Susan Gilcrest,58,0.18713793103448276,12685.08186,218.70830793103448,541.3085599999999,24.524310344827587,1
Susan MacKendrick,41,0.07609756097560975,8630.4744,210.49937560975607,1528.2749000000001,23.340243902439024,1
Susan Vittorini,67,0.23495522388059703,15685.4387,234.11102537313434,668.4789000000001,22.96641791044776,1
Suzanne McNair,64,0.11209375,12889.08614,201.3919709375,1170.85834,24.18328125,1
Sylvia Foulston,47,0.14404255319148934,9253.9828,196.89325106382978,1895.183,24.02021276595745,1
Tamara Dahlen,58,0.21655172413793106,7704.5655,132.83733620689654,-948.1228,14.751551724137931,1
Tamara Manning,55,0.09981818181818182,14459.6286,262.9023381818182,1928.1339,21.017454545454545,1
Tamara Willingham,59,0.13288135593220338,14255.0056,241.61026440677966,3275.0801,39.35915254237288,1
Tanja Norvell,53,0.17649056603773586,9597.61404,181.08705735849057,-706.18216,17.61679245283019,1
Ted Butterfield,76,0.08952631578947369,16026.84872,210.87958842105263,1559.26902,20.10644736842105,1
Thais Sissman,60,0.09016666666666667,6785.8894,113.09815666666667,1109.5608,9.223666666666666,1
Thea Hendricks,59,0.12898305084745762,15541.0626,263.4078406779661,1952.4961,23.046440677966103,1
Thea Hudgings,64,0.09690625,15353.79368,239.90302625,2265.68778,21.04359375,1
Theresa Swint,63,0.10873015873015872,7936.012,125.96844444444444,1134.0224,10.874126984126985,1
Thomas Brumley,38,0.12663157894736843,11801.84152,310.5747768421053,2052.3113200000003,26.493157894736843,1
Thomas Seio,68,0.09370588235294118,14530.27092,213.68045470588237,2349.54862,25.23941176470588,1
Thomas Thornton,63,0.17876190476190476,15050.96416,238.904193015873,1661.2072600000001,25.86952380952381,1
Tiffany House,67,0.1828358208955224,16797.599000000002,250.71043283582094,1656.287,28.43164179104478,1
Tim Taslimi,55,0.12272727272727273,9779.68,177.81236363636364,1284.8362,18.47509090909091,1
Toby Braunhardt,67,0.12740298507462686,11701.33466,174.64678597014927,1247.46136,23.017014925373136,1
Toby Gnade,63,0.11682539682539683,13019.6486,206.66108888888888,2986.457,24.476349206349205,1
Toby Ritter,65,0.05806153846153846,12428.90306,191.21389323076923,2436.90546,22.964615384615385,1
Todd Boyes,67,0.20746268656716418,9643.275,143.92947761194029,772.014,15.465074626865674,1
Tom Prescott,50,0.18864,12877.67182,257.5534364,346.1872200000001,32.2028,1
Tom Stivers,69,0.11681159420289856,15344.9966,222.39125507246376,2364.9883,26.118695652173916,1
Tom Zandusky,73,0.14254794520547945,15346.8114,210.23029315068493,367.4914,21.654794520547945,1
Tony Chapman,67,0.1675223880597015,12630.28056,188.5116501492537,1401.1285599999999,16.34597014925373,1
Tony Molinari,80,0.11427499999999999,15971.8783,199.64847875,1500.9713,24.85725,1
Tracy Collins,55,0.1798181818181818,11103.0321,201.87331090909092,382.99710000000005,27.30909090909091,1
Tracy Hopkins,55,0.16636363636363638,13092.7363,238.04975090909093,-733.7475000000002,26.304363636363636,1
Tracy Poddar,68,0.1264705882352941,13287.1713,195.39957794117646,1795.66,16.249117647058824,1
Tracy Zic,48,0.22229166666666667,10858.5418,226.21962083333335,-80.11550000000005,15.282291666666666,1
Troy Blackwell,46,0.09130434782608696,9190.059,199.7838913043478,1438.6508999999999,24.91130434782609,1
Trudy Brown,69,0.16492753623188405,15076.9491,218.50650869565217,1500.6631,32.905797101449274,1
Trudy Schmidt,56,0.12517857142857142,9978.3372,178.18459285714286,1025.6195,15.851428571428572,1
Valerie Dominguez,67,0.19985074626865673,15984.9224,238.58093134328357,2031.9158,32.84805970149254,1
Valerie Mitchum,68,0.15179411764705883,14567.10032,214.22206352941177,-1645.79878,30.58411764705882,1
Vicky Freymann,49,0.1326530612244898,12602.485,257.19357142857143,26.112999999999953,37.484489795918364,1
Victor Preis,58,0.1676206896551724,12061.269,207.95291379310345,2232.7958,24.889482758620687,1
Victoria Brennan,45,0.17715555555555557,10744.68,238.77066666666667,908.5637999999999,30.339333333333332,1
Victoria Wilson,66,0.18515151515151515,17038.5434,258.1597484848485,294.38090000000005,22.73909090909091,1
Vivek Gonzalez,50,0.155,10294.7785,205.89557000000002,-364.4247,25.516199999999998,1
Vivek Sundaresam,40,0.16499999999999998,11411.989,285.29972499999997,1586.6187,41.554,1
Vivian Mathis,36,0.06583333333333334,3892.227,108.11741666666666,656.9143,11.27888888888889,1
Xylona Preis,61,0.08475409836065574,12198.9506,199.98279672131147,1304.7226,17.619999999999997,1
Zuschuss Donatelli,54,0.11577777777777777,12430.5704,230.19574814814817,201.73710000000005,22.153333333333332,1
